cycle,core_id,old_state,new_state,workload_idx,layer_name,detail
0,0,IDLE,LOADING,0,conv1,"waiting_for=[t0(DRAM,4704B),t1(DRAM,77280B)]"
0,1,IDLE,LOADING,0,conv1,"waiting_for=[t3(DRAM,4704B),t2(DRAM,76608B),t11(DRAM,200704B)]"
0,2,IDLE,LOADING,0,conv1,"waiting_for=[t0(DRAM,4704B),t2(DRAM,76608B),t7(DRAM,200704B)]"
0,3,IDLE,LOADING,0,conv1,"waiting_for=[t3(DRAM,4704B),t1(DRAM,77280B)]"
109,0,LOADING,COMPUTING,0,conv1,"compute_cycles=0,loading_dram_cycles=109,loading_core_cycles=0"
110,0,COMPUTING,WRITEBACK,0,conv1,"writeback_to_dram"
339,1,LOADING,COMPUTING,0,conv1,"compute_cycles=0,loading_dram_cycles=339,loading_core_cycles=0"
340,1,COMPUTING,WRITEBACK,0,conv1,"writeback_to_dram"
361,3,LOADING,COMPUTING,0,conv1,"compute_cycles=0,loading_dram_cycles=361,loading_core_cycles=0"
362,3,COMPUTING,WRITEBACK,0,conv1,"writeback_to_dram"
385,0,WRITEBACK,IDLE,1,pool1,"writeback_complete"
386,0,IDLE,LOADING,1,pool1,"waiting_for=[t4(DRAM,204288B)]"
449,2,LOADING,COMPUTING,0,conv1,"compute_cycles=0,loading_dram_cycles=449,loading_core_cycles=0"
450,2,COMPUTING,WRITEBACK,0,conv1,"writeback_to_dram"
615,1,WRITEBACK,IDLE,1,pool1,"writeback_complete"
616,1,IDLE,LOADING,1,pool1,"waiting_for=[t11(DRAM,200704B),t16(DRAM,100352B)]"
667,0,LOADING,COMPUTING,1,pool1,"compute_cycles=784,loading_dram_cycles=281,loading_core_cycles=0"
693,3,WRITEBACK,IDLE,1,pool1,"writeback_complete"
694,3,IDLE,LOADING,1,pool1,"waiting_for=[t8(DRAM,204288B),t13(DRAM,100352B)]"
889,2,WRITEBACK,IDLE,1,pool1,"writeback_complete"
890,2,IDLE,LOADING,1,pool1,"waiting_for=[t7(DRAM,200704B)]"
1065,1,LOADING,COMPUTING,1,pool1,"compute_cycles=784,loading_dram_cycles=449,loading_core_cycles=0"
1267,3,LOADING,COMPUTING,1,pool1,"compute_cycles=784,loading_dram_cycles=573,loading_core_cycles=0"
1283,2,LOADING,COMPUTING,1,pool1,"compute_cycles=784,loading_dram_cycles=393,loading_core_cycles=0"
1451,0,COMPUTING,WRITEBACK,1,pool1,"writeback_to_dram"
1520,0,WRITEBACK,IDLE,2,conv_2_0_a,"writeback_complete"
1521,0,IDLE,LOADING,2,conv_2_0_a,"waiting_for=[t12(DRAM,2048B),t13(DRAM,100352B)]"
1660,0,LOADING,COMPUTING,2,conv_2_0_a,"compute_cycles=0,loading_dram_cycles=139,loading_core_cycles=0"
1661,0,COMPUTING,WRITEBACK,2,conv_2_0_a,"writeback_to_dram"
1730,0,WRITEBACK,IDLE,3,conv_2_0_b,"writeback_complete"
1731,0,IDLE,LOADING,3,conv_2_0_b,"waiting_for=[t20(DRAM,18432B),t21(DRAM,103936B)]"
1849,1,COMPUTING,WRITEBACK,1,pool1,"writeback_to_dram"
1882,0,LOADING,COMPUTING,3,conv_2_0_b,"compute_cycles=0,loading_dram_cycles=151,loading_core_cycles=0"
1883,0,COMPUTING,WRITEBACK,3,conv_2_0_b,"writeback_to_dram"
1918,1,WRITEBACK,IDLE,2,conv_2_0_a,"writeback_complete"
1919,1,IDLE,LOADING,2,conv_2_0_a,"waiting_for=[t19(DRAM,2048B),t16(DRAM,100352B),t26(DRAM,103936B)]"
2020,0,WRITEBACK,IDLE,4,conv_2_0_c,"writeback_complete"
2021,0,IDLE,LOADING,4,conv_2_0_c,"waiting_for=[t28(DRAM,8192B),t29(DRAM,100352B),t37(DRAM,100352B)]"
2051,3,COMPUTING,WRITEBACK,1,pool1,"writeback_to_dram"
2067,2,COMPUTING,WRITEBACK,1,pool1,"writeback_to_dram"
2123,3,WRITEBACK,IDLE,2,conv_2_0_a,"writeback_complete"
2124,3,IDLE,LOADING,2,conv_2_0_a,"waiting_for=[t19(DRAM,2048B),t13(DRAM,100352B)]"
2142,2,WRITEBACK,IDLE,2,conv_2_0_a,"writeback_complete"
2143,2,IDLE,LOADING,2,conv_2_0_a,"waiting_for=[t12(DRAM,2048B),t16(DRAM,100352B)]"
2160,1,LOADING,COMPUTING,2,conv_2_0_a,"compute_cycles=0,loading_dram_cycles=241,loading_core_cycles=0"
2161,1,COMPUTING,WRITEBACK,2,conv_2_0_a,"writeback_to_dram"
2242,1,WRITEBACK,IDLE,3,conv_2_0_b,"writeback_complete"
2243,1,IDLE,LOADING,3,conv_2_0_b,"waiting_for=[t27(DRAM,18432B),t26(DRAM,103936B),t32(DRAM,100352B)]"
2260,0,LOADING,COMPUTING,4,conv_2_0_c,"compute_cycles=0,loading_dram_cycles=239,loading_core_cycles=0"
2261,0,COMPUTING,WRITEBACK,4,conv_2_0_c,"writeback_to_dram"
2281,3,LOADING,COMPUTING,2,conv_2_0_a,"compute_cycles=0,loading_dram_cycles=157,loading_core_cycles=0"
2282,3,COMPUTING,WRITEBACK,2,conv_2_0_a,"writeback_to_dram"
2341,2,LOADING,COMPUTING,2,conv_2_0_a,"compute_cycles=0,loading_dram_cycles=198,loading_core_cycles=0"
2342,2,COMPUTING,WRITEBACK,2,conv_2_0_a,"writeback_to_dram"
2351,3,WRITEBACK,IDLE,3,conv_2_0_b,"writeback_complete"
2352,3,IDLE,LOADING,3,conv_2_0_b,"waiting_for=[t27(DRAM,18432B),t21(DRAM,103936B),t29(DRAM,100352B)]"
2459,2,WRITEBACK,IDLE,3,conv_2_0_b,"writeback_complete"
2460,2,IDLE,LOADING,3,conv_2_0_b,"waiting_for=[t20(DRAM,18432B),t26(DRAM,103936B)]"
2492,1,LOADING,COMPUTING,3,conv_2_0_b,"compute_cycles=0,loading_dram_cycles=249,loading_core_cycles=0"
2493,1,COMPUTING,WRITEBACK,3,conv_2_0_b,"writeback_to_dram"
2537,0,WRITEBACK,IDLE,5,conv_2_br,"writeback_complete"
2538,0,IDLE,LOADING,5,conv_2_br,"waiting_for=[t36(DRAM,8192B),t37(DRAM,100352B),t40(DRAM,200704B),t42(DRAM,200704B)]"
2637,3,LOADING,COMPUTING,3,conv_2_0_b,"compute_cycles=0,loading_dram_cycles=285,loading_core_cycles=0"
2638,3,COMPUTING,WRITEBACK,3,conv_2_0_b,"writeback_to_dram"
2688,2,LOADING,COMPUTING,3,conv_2_0_b,"compute_cycles=0,loading_dram_cycles=228,loading_core_cycles=0"
2689,2,COMPUTING,WRITEBACK,3,conv_2_0_b,"writeback_to_dram"
2806,1,WRITEBACK,IDLE,4,conv_2_0_c,"writeback_complete"
2807,1,IDLE,LOADING,4,conv_2_0_c,"waiting_for=[t35(DRAM,8192B),t32(DRAM,100352B),t38(DRAM,100352B)]"
2825,3,WRITEBACK,IDLE,4,conv_2_0_c,"writeback_complete"
2826,3,IDLE,LOADING,4,conv_2_0_c,"waiting_for=[t35(DRAM,8192B),t29(DRAM,100352B),t37(DRAM,100352B)]"
2845,2,WRITEBACK,IDLE,4,conv_2_0_c,"writeback_complete"
2846,2,IDLE,LOADING,4,conv_2_0_c,"waiting_for=[t28(DRAM,8192B),t32(DRAM,100352B),t38(DRAM,100352B)]"
3084,1,LOADING,COMPUTING,4,conv_2_0_c,"compute_cycles=0,loading_dram_cycles=277,loading_core_cycles=0"
3085,1,COMPUTING,WRITEBACK,4,conv_2_0_c,"writeback_to_dram"
3119,0,LOADING,COMPUTING,5,conv_2_br,"compute_cycles=0,loading_dram_cycles=581,loading_core_cycles=0"
3120,0,COMPUTING,WRITEBACK,5,conv_2_br,"writeback_to_dram"
3166,3,LOADING,COMPUTING,4,conv_2_0_c,"compute_cycles=0,loading_dram_cycles=340,loading_core_cycles=0"
3167,3,COMPUTING,WRITEBACK,4,conv_2_0_c,"writeback_to_dram"
3247,2,LOADING,COMPUTING,4,conv_2_0_c,"compute_cycles=0,loading_dram_cycles=401,loading_core_cycles=0"
3248,2,COMPUTING,WRITEBACK,4,conv_2_0_c,"writeback_to_dram"
3360,1,WRITEBACK,IDLE,5,conv_2_br,"writeback_complete"
3361,1,IDLE,LOADING,5,conv_2_br,"waiting_for=[t39(DRAM,8192B),t38(DRAM,100352B),t52(DRAM,200704B),t54(DRAM,200704B)]"
3438,0,WRITEBACK,IDLE,6,conv_2_0_res,"writeback_complete"
3439,0,IDLE,LOADING,6,conv_2_0_res,"waiting_for=[t40(DRAM,200704B),t42(DRAM,200704B)]"
3715,3,WRITEBACK,IDLE,5,conv_2_br,"writeback_complete"
3716,3,IDLE,LOADING,5,conv_2_br,"waiting_for=[t39(DRAM,8192B),t37(DRAM,100352B),t48(DRAM,200704B),t50(DRAM,200704B)]"
3951,2,WRITEBACK,IDLE,5,conv_2_br,"writeback_complete"
3952,2,IDLE,LOADING,5,conv_2_br,"waiting_for=[t36(DRAM,8192B),t38(DRAM,100352B),t44(DRAM,200704B),t46(DRAM,200704B)]"
3970,1,LOADING,COMPUTING,5,conv_2_br,"compute_cycles=0,loading_dram_cycles=609,loading_core_cycles=0"
3971,1,COMPUTING,WRITEBACK,5,conv_2_br,"writeback_to_dram"
4187,0,LOADING,COMPUTING,6,conv_2_0_res,"compute_cycles=3136,loading_dram_cycles=748,loading_core_cycles=0"
4429,1,WRITEBACK,IDLE,6,conv_2_0_res,"writeback_complete"
4430,1,IDLE,LOADING,6,conv_2_0_res,"waiting_for=[t52(DRAM,200704B),t54(DRAM,200704B),t60(DRAM,401408B)]"
4485,3,LOADING,COMPUTING,5,conv_2_br,"compute_cycles=0,loading_dram_cycles=769,loading_core_cycles=0"
4486,3,COMPUTING,WRITEBACK,5,conv_2_br,"writeback_to_dram"
4684,2,LOADING,COMPUTING,5,conv_2_br,"compute_cycles=0,loading_dram_cycles=732,loading_core_cycles=0"
4685,2,COMPUTING,WRITEBACK,5,conv_2_br,"writeback_to_dram"
4823,3,WRITEBACK,IDLE,6,conv_2_0_res,"writeback_complete"
4824,3,IDLE,LOADING,6,conv_2_0_res,"waiting_for=[t48(DRAM,200704B),t50(DRAM,200704B),t57(DRAM,401408B)]"
5217,2,WRITEBACK,IDLE,6,conv_2_0_res,"writeback_complete"
5218,2,IDLE,LOADING,6,conv_2_0_res,"waiting_for=[t44(DRAM,200704B),t46(DRAM,200704B)]"
5293,1,LOADING,COMPUTING,6,conv_2_0_res,"compute_cycles=3136,loading_dram_cycles=863,loading_core_cycles=0"
5687,3,LOADING,COMPUTING,6,conv_2_0_res,"compute_cycles=3136,loading_dram_cycles=863,loading_core_cycles=0"
5690,2,LOADING,COMPUTING,6,conv_2_0_res,"compute_cycles=3136,loading_dram_cycles=472,loading_core_cycles=0"
7323,0,COMPUTING,WRITEBACK,6,conv_2_0_res,"writeback_to_dram"
7598,0,WRITEBACK,IDLE,7,conv_2_1_a,"writeback_complete"
7599,0,IDLE,LOADING,7,conv_2_1_a,"waiting_for=[t56(DRAM,8192B),t57(DRAM,401408B)]"
8152,0,LOADING,COMPUTING,7,conv_2_1_a,"compute_cycles=0,loading_dram_cycles=553,loading_core_cycles=0"
8153,0,COMPUTING,WRITEBACK,7,conv_2_1_a,"writeback_to_dram"
8222,0,WRITEBACK,IDLE,8,conv_2_1_b,"writeback_complete"
8223,0,IDLE,LOADING,8,conv_2_1_b,"waiting_for=[t64(DRAM,18432B),t65(DRAM,103936B)]"
8374,0,LOADING,COMPUTING,8,conv_2_1_b,"compute_cycles=0,loading_dram_cycles=151,loading_core_cycles=0"
8375,0,COMPUTING,WRITEBACK,8,conv_2_1_b,"writeback_to_dram"
8429,1,COMPUTING,WRITEBACK,6,conv_2_0_res,"writeback_to_dram"
8444,0,WRITEBACK,IDLE,9,conv_2_1_c,"writeback_complete"
8445,0,IDLE,LOADING,9,conv_2_1_c,"waiting_for=[t72(DRAM,8192B),t73(DRAM,100352B),t80(DRAM,200704B),t81(DRAM,200704B)]"
8723,1,WRITEBACK,IDLE,7,conv_2_1_a,"writeback_complete"
8724,1,IDLE,LOADING,7,conv_2_1_a,"waiting_for=[t63(DRAM,8192B),t60(DRAM,401408B),t70(DRAM,103936B)]"
8823,3,COMPUTING,WRITEBACK,6,conv_2_0_res,"writeback_to_dram"
8826,2,COMPUTING,WRITEBACK,6,conv_2_0_res,"writeback_to_dram"
8978,0,LOADING,COMPUTING,9,conv_2_1_c,"compute_cycles=0,loading_dram_cycles=533,loading_core_cycles=0"
8979,0,COMPUTING,WRITEBACK,9,conv_2_1_c,"writeback_to_dram"
9098,3,WRITEBACK,IDLE,7,conv_2_1_a,"writeback_complete"
9099,3,IDLE,LOADING,7,conv_2_1_a,"waiting_for=[t63(DRAM,8192B),t57(DRAM,401408B)]"
9176,2,WRITEBACK,IDLE,7,conv_2_1_a,"writeback_complete"
9177,2,IDLE,LOADING,7,conv_2_1_a,"waiting_for=[t56(DRAM,8192B),t60(DRAM,401408B)]"
9379,1,LOADING,COMPUTING,7,conv_2_1_a,"compute_cycles=0,loading_dram_cycles=655,loading_core_cycles=0"
9380,1,COMPUTING,WRITEBACK,7,conv_2_1_a,"writeback_to_dram"
9414,0,WRITEBACK,IDLE,10,conv_2_1_res,"writeback_complete"
9415,0,IDLE,LOADING,10,conv_2_1_res,"waiting_for=[t80(DRAM,200704B),t81(DRAM,200704B)]"
9751,1,WRITEBACK,IDLE,8,conv_2_1_b,"writeback_complete"
9752,1,IDLE,LOADING,8,conv_2_1_b,"waiting_for=[t71(DRAM,18432B),t70(DRAM,103936B),t76(DRAM,100352B)]"
9807,3,LOADING,COMPUTING,7,conv_2_1_a,"compute_cycles=0,loading_dram_cycles=708,loading_core_cycles=0"
9808,3,COMPUTING,WRITEBACK,7,conv_2_1_a,"writeback_to_dram"
9877,3,WRITEBACK,IDLE,8,conv_2_1_b,"writeback_complete"
9878,3,IDLE,LOADING,8,conv_2_1_b,"waiting_for=[t71(DRAM,18432B),t65(DRAM,103936B),t73(DRAM,100352B)]"
9967,2,LOADING,COMPUTING,7,conv_2_1_a,"compute_cycles=0,loading_dram_cycles=790,loading_core_cycles=0"
9968,2,COMPUTING,WRITEBACK,7,conv_2_1_a,"writeback_to_dram"
10001,1,LOADING,COMPUTING,8,conv_2_1_b,"compute_cycles=0,loading_dram_cycles=249,loading_core_cycles=0"
10002,1,COMPUTING,WRITEBACK,8,conv_2_1_b,"writeback_to_dram"
10037,2,WRITEBACK,IDLE,8,conv_2_1_b,"writeback_complete"
10038,2,IDLE,LOADING,8,conv_2_1_b,"waiting_for=[t64(DRAM,18432B),t70(DRAM,103936B)]"
10046,0,LOADING,COMPUTING,10,conv_2_1_res,"compute_cycles=3136,loading_dram_cycles=631,loading_core_cycles=0"
10106,1,WRITEBACK,IDLE,9,conv_2_1_c,"writeback_complete"
10107,1,IDLE,LOADING,9,conv_2_1_c,"waiting_for=[t79(DRAM,8192B),t76(DRAM,100352B),t89(DRAM,200704B),t90(DRAM,200704B)]"
10127,3,LOADING,COMPUTING,8,conv_2_1_b,"compute_cycles=0,loading_dram_cycles=249,loading_core_cycles=0"
10128,3,COMPUTING,WRITEBACK,8,conv_2_1_b,"writeback_to_dram"
10209,2,LOADING,COMPUTING,8,conv_2_1_b,"compute_cycles=0,loading_dram_cycles=171,loading_core_cycles=0"
10210,2,COMPUTING,WRITEBACK,8,conv_2_1_b,"writeback_to_dram"
10326,3,WRITEBACK,IDLE,9,conv_2_1_c,"writeback_complete"
10327,3,IDLE,LOADING,9,conv_2_1_c,"waiting_for=[t79(DRAM,8192B),t73(DRAM,100352B),t86(DRAM,200704B),t87(DRAM,200704B)]"
10345,2,WRITEBACK,IDLE,9,conv_2_1_c,"writeback_complete"
10346,2,IDLE,LOADING,9,conv_2_1_c,"waiting_for=[t72(DRAM,8192B),t76(DRAM,100352B),t83(DRAM,200704B),t84(DRAM,200704B)]"
10640,1,LOADING,COMPUTING,9,conv_2_1_c,"compute_cycles=0,loading_dram_cycles=533,loading_core_cycles=0"
10641,1,COMPUTING,WRITEBACK,9,conv_2_1_c,"writeback_to_dram"
10879,3,LOADING,COMPUTING,9,conv_2_1_c,"compute_cycles=0,loading_dram_cycles=552,loading_core_cycles=0"
10880,3,COMPUTING,WRITEBACK,9,conv_2_1_c,"writeback_to_dram"
10916,1,WRITEBACK,IDLE,10,conv_2_1_res,"writeback_complete"
10917,1,IDLE,LOADING,10,conv_2_1_res,"waiting_for=[t89(DRAM,200704B),t90(DRAM,200704B),t96(DRAM,401408B)]"
11078,2,LOADING,COMPUTING,9,conv_2_1_c,"compute_cycles=0,loading_dram_cycles=732,loading_core_cycles=0"
11079,2,COMPUTING,WRITEBACK,9,conv_2_1_c,"writeback_to_dram"
11310,3,WRITEBACK,IDLE,10,conv_2_1_res,"writeback_complete"
11311,3,IDLE,LOADING,10,conv_2_1_res,"waiting_for=[t86(DRAM,200704B),t87(DRAM,200704B),t93(DRAM,401408B)]"
11388,2,WRITEBACK,IDLE,10,conv_2_1_res,"writeback_complete"
11389,2,IDLE,LOADING,10,conv_2_1_res,"waiting_for=[t83(DRAM,200704B),t84(DRAM,200704B)]"
11781,1,LOADING,COMPUTING,10,conv_2_1_res,"compute_cycles=3136,loading_dram_cycles=864,loading_core_cycles=0"
12173,2,LOADING,COMPUTING,10,conv_2_1_res,"compute_cycles=3136,loading_dram_cycles=784,loading_core_cycles=0"
12251,3,LOADING,COMPUTING,10,conv_2_1_res,"compute_cycles=3136,loading_dram_cycles=940,loading_core_cycles=0"
13182,0,COMPUTING,WRITEBACK,10,conv_2_1_res,"writeback_to_dram"
13457,0,WRITEBACK,IDLE,11,conv_2_2_a,"writeback_complete"
13458,0,IDLE,LOADING,11,conv_2_2_a,"waiting_for=[t92(DRAM,8192B),t93(DRAM,401408B)]"
14011,0,LOADING,COMPUTING,11,conv_2_2_a,"compute_cycles=0,loading_dram_cycles=553,loading_core_cycles=0"
14012,0,COMPUTING,WRITEBACK,11,conv_2_2_a,"writeback_to_dram"
14081,0,WRITEBACK,IDLE,12,conv_2_2_b,"writeback_complete"
14082,0,IDLE,LOADING,12,conv_2_2_b,"waiting_for=[t100(DRAM,18432B),t101(DRAM,103936B)]"
14233,0,LOADING,COMPUTING,12,conv_2_2_b,"compute_cycles=0,loading_dram_cycles=151,loading_core_cycles=0"
14234,0,COMPUTING,WRITEBACK,12,conv_2_2_b,"writeback_to_dram"
14303,0,WRITEBACK,IDLE,13,conv_2_2_c,"writeback_complete"
14304,0,IDLE,LOADING,13,conv_2_2_c,"waiting_for=[t108(DRAM,8192B),t109(DRAM,100352B),t116(DRAM,200704B),t117(DRAM,200704B)]"
14838,0,LOADING,COMPUTING,13,conv_2_2_c,"compute_cycles=0,loading_dram_cycles=534,loading_core_cycles=0"
14839,0,COMPUTING,WRITEBACK,13,conv_2_2_c,"writeback_to_dram"
14917,1,COMPUTING,WRITEBACK,10,conv_2_1_res,"writeback_to_dram"
15113,0,WRITEBACK,IDLE,14,conv_2_2_res,"writeback_complete"
15114,0,IDLE,LOADING,14,conv_2_2_res,"waiting_for=[t116(DRAM,200704B),t117(DRAM,200704B)]"
15192,1,WRITEBACK,IDLE,11,conv_2_2_a,"writeback_complete"
15193,1,IDLE,LOADING,11,conv_2_2_a,"waiting_for=[t99(DRAM,8192B),t96(DRAM,401408B),t106(DRAM,103936B)]"
15309,2,COMPUTING,WRITEBACK,10,conv_2_1_res,"writeback_to_dram"
15387,3,COMPUTING,WRITEBACK,10,conv_2_1_res,"writeback_to_dram"
15627,2,WRITEBACK,IDLE,11,conv_2_2_a,"writeback_complete"
15628,2,IDLE,LOADING,11,conv_2_2_a,"waiting_for=[t92(DRAM,8192B),t96(DRAM,401408B)]"
15662,0,LOADING,COMPUTING,14,conv_2_2_res,"compute_cycles=3136,loading_dram_cycles=548,loading_core_cycles=0"
15705,3,WRITEBACK,IDLE,11,conv_2_2_a,"writeback_complete"
15706,3,IDLE,LOADING,11,conv_2_2_a,"waiting_for=[t99(DRAM,8192B),t93(DRAM,401408B)]"
16003,1,LOADING,COMPUTING,11,conv_2_2_a,"compute_cycles=0,loading_dram_cycles=810,loading_core_cycles=0"
16004,1,COMPUTING,WRITEBACK,11,conv_2_2_a,"writeback_to_dram"
16073,1,WRITEBACK,IDLE,12,conv_2_2_b,"writeback_complete"
16074,1,IDLE,LOADING,12,conv_2_2_b,"waiting_for=[t107(DRAM,18432B),t106(DRAM,103936B),t112(DRAM,100352B)]"
16259,2,LOADING,COMPUTING,11,conv_2_2_a,"compute_cycles=0,loading_dram_cycles=631,loading_core_cycles=0"
16260,2,COMPUTING,WRITEBACK,11,conv_2_2_a,"writeback_to_dram"
16323,1,LOADING,COMPUTING,12,conv_2_2_b,"compute_cycles=0,loading_dram_cycles=249,loading_core_cycles=0"
16324,1,COMPUTING,WRITEBACK,12,conv_2_2_b,"writeback_to_dram"
16329,2,WRITEBACK,IDLE,12,conv_2_2_b,"writeback_complete"
16330,2,IDLE,LOADING,12,conv_2_2_b,"waiting_for=[t100(DRAM,18432B),t106(DRAM,103936B)]"
16398,1,WRITEBACK,IDLE,13,conv_2_2_c,"writeback_complete"
16399,1,IDLE,LOADING,13,conv_2_2_c,"waiting_for=[t115(DRAM,8192B),t112(DRAM,100352B),t125(DRAM,200704B),t126(DRAM,200704B)]"
16419,3,LOADING,COMPUTING,11,conv_2_2_a,"compute_cycles=0,loading_dram_cycles=713,loading_core_cycles=0"
16420,3,COMPUTING,WRITEBACK,11,conv_2_2_a,"writeback_to_dram"
16501,2,LOADING,COMPUTING,12,conv_2_2_b,"compute_cycles=0,loading_dram_cycles=171,loading_core_cycles=0"
16502,2,COMPUTING,WRITEBACK,12,conv_2_2_b,"writeback_to_dram"
16618,3,WRITEBACK,IDLE,12,conv_2_2_b,"writeback_complete"
16619,3,IDLE,LOADING,12,conv_2_2_b,"waiting_for=[t107(DRAM,18432B),t101(DRAM,103936B),t109(DRAM,100352B)]"
16637,2,WRITEBACK,IDLE,13,conv_2_2_c,"writeback_complete"
16638,2,IDLE,LOADING,13,conv_2_2_c,"waiting_for=[t108(DRAM,8192B),t112(DRAM,100352B),t119(DRAM,200704B),t120(DRAM,200704B)]"
16887,3,LOADING,COMPUTING,12,conv_2_2_b,"compute_cycles=0,loading_dram_cycles=268,loading_core_cycles=0"
16888,3,COMPUTING,WRITEBACK,12,conv_2_2_b,"writeback_to_dram"
16932,1,LOADING,COMPUTING,13,conv_2_2_c,"compute_cycles=0,loading_dram_cycles=533,loading_core_cycles=0"
16933,1,COMPUTING,WRITEBACK,13,conv_2_2_c,"writeback_to_dram"
16957,3,WRITEBACK,IDLE,13,conv_2_2_c,"writeback_complete"
16958,3,IDLE,LOADING,13,conv_2_2_c,"waiting_for=[t115(DRAM,8192B),t109(DRAM,100352B),t122(DRAM,200704B),t123(DRAM,200704B)]"
17236,1,WRITEBACK,IDLE,14,conv_2_2_res,"writeback_complete"
17237,1,IDLE,LOADING,14,conv_2_2_res,"waiting_for=[t125(DRAM,200704B),t126(DRAM,200704B),t132(DRAM,380160B)]"
17258,2,LOADING,COMPUTING,13,conv_2_2_c,"compute_cycles=0,loading_dram_cycles=620,loading_core_cycles=0"
17259,2,COMPUTING,WRITEBACK,13,conv_2_2_c,"writeback_to_dram"
17491,3,LOADING,COMPUTING,13,conv_2_2_c,"compute_cycles=0,loading_dram_cycles=533,loading_core_cycles=0"
17492,3,COMPUTING,WRITEBACK,13,conv_2_2_c,"writeback_to_dram"
17621,2,WRITEBACK,IDLE,14,conv_2_2_res,"writeback_complete"
17622,2,IDLE,LOADING,14,conv_2_2_res,"waiting_for=[t119(DRAM,200704B),t120(DRAM,200704B)]"
17858,3,WRITEBACK,IDLE,14,conv_2_2_res,"writeback_complete"
17859,3,IDLE,LOADING,14,conv_2_2_res,"waiting_for=[t122(DRAM,200704B),t123(DRAM,200704B),t129(DRAM,380160B)]"
18080,1,LOADING,COMPUTING,14,conv_2_2_res,"compute_cycles=3136,loading_dram_cycles=843,loading_core_cycles=0"
18093,2,LOADING,COMPUTING,14,conv_2_2_res,"compute_cycles=3136,loading_dram_cycles=471,loading_core_cycles=0"
18702,3,LOADING,COMPUTING,14,conv_2_2_res,"compute_cycles=3136,loading_dram_cycles=843,loading_core_cycles=0"
18798,0,COMPUTING,WRITEBACK,14,conv_2_2_res,"writeback_to_dram"
19072,0,WRITEBACK,IDLE,15,conv_3_0_a,"writeback_complete"
19073,0,IDLE,LOADING,15,conv_3_0_a,"waiting_for=[t128(DRAM,16384B),t129(DRAM,380160B)]"
19601,0,LOADING,COMPUTING,15,conv_3_0_a,"compute_cycles=0,loading_dram_cycles=528,loading_core_cycles=0"
19602,0,COMPUTING,WRITEBACK,15,conv_3_0_a,"writeback_to_dram"
19637,0,WRITEBACK,IDLE,16,conv_3_0_b,"writeback_complete"
19638,0,IDLE,LOADING,16,conv_3_0_b,"waiting_for=[t136(DRAM,73728B),t137(DRAM,53760B)]"
19793,0,LOADING,COMPUTING,16,conv_3_0_b,"compute_cycles=0,loading_dram_cycles=155,loading_core_cycles=0"
19794,0,COMPUTING,WRITEBACK,16,conv_3_0_b,"writeback_to_dram"
19829,0,WRITEBACK,IDLE,17,conv_3_0_c,"writeback_complete"
19830,0,IDLE,LOADING,17,conv_3_0_c,"waiting_for=[t144(DRAM,32768B),t145(DRAM,50176B),t153(DRAM,380160B)]"
20384,0,LOADING,COMPUTING,17,conv_3_0_c,"compute_cycles=0,loading_dram_cycles=554,loading_core_cycles=0"
20385,0,COMPUTING,WRITEBACK,17,conv_3_0_c,"writeback_to_dram"
20522,0,WRITEBACK,IDLE,18,conv_3_br,"writeback_complete"
20523,0,IDLE,LOADING,18,conv_3_br,"waiting_for=[t152(DRAM,65536B),t153(DRAM,380160B),t156(DRAM,100352B),t158(DRAM,100352B)]"
21216,1,COMPUTING,WRITEBACK,14,conv_2_2_res,"writeback_to_dram"
21229,2,COMPUTING,WRITEBACK,14,conv_2_2_res,"writeback_to_dram"
21266,0,LOADING,COMPUTING,18,conv_3_br,"compute_cycles=0,loading_dram_cycles=743,loading_core_cycles=0"
21267,0,COMPUTING,WRITEBACK,18,conv_3_br,"writeback_to_dram"
21404,0,WRITEBACK,IDLE,19,conv_3_0_res,"writeback_complete"
21405,0,IDLE,LOADING,19,conv_3_0_res,"waiting_for=[t156(DRAM,100352B),t158(DRAM,100352B)]"
21563,1,WRITEBACK,IDLE,15,conv_3_0_a,"writeback_complete"
21564,1,IDLE,LOADING,15,conv_3_0_a,"waiting_for=[t135(DRAM,16384B),t132(DRAM,380160B),t142(DRAM,53760B)]"
21641,2,WRITEBACK,IDLE,15,conv_3_0_a,"writeback_complete"
21642,2,IDLE,LOADING,15,conv_3_0_a,"waiting_for=[t128(DRAM,16384B),t132(DRAM,380160B)]"
21740,0,LOADING,COMPUTING,19,conv_3_0_res,"compute_cycles=1568,loading_dram_cycles=335,loading_core_cycles=0"
21838,3,COMPUTING,WRITEBACK,14,conv_2_2_res,"writeback_to_dram"
22113,3,WRITEBACK,IDLE,15,conv_3_0_a,"writeback_complete"
22114,3,IDLE,LOADING,15,conv_3_0_a,"waiting_for=[t135(DRAM,16384B),t129(DRAM,380160B)]"
22221,1,LOADING,COMPUTING,15,conv_3_0_a,"compute_cycles=0,loading_dram_cycles=657,loading_core_cycles=0"
22222,1,COMPUTING,WRITEBACK,15,conv_3_0_a,"writeback_to_dram"
22279,1,WRITEBACK,IDLE,16,conv_3_0_b,"writeback_complete"
22280,1,IDLE,LOADING,16,conv_3_0_b,"waiting_for=[t143(DRAM,73728B),t142(DRAM,53760B),t148(DRAM,50176B)]"
22344,2,LOADING,COMPUTING,15,conv_3_0_a,"compute_cycles=0,loading_dram_cycles=702,loading_core_cycles=0"
22345,2,COMPUTING,WRITEBACK,15,conv_3_0_a,"writeback_to_dram"
22380,2,WRITEBACK,IDLE,16,conv_3_0_b,"writeback_complete"
22381,2,IDLE,LOADING,16,conv_3_0_b,"waiting_for=[t136(DRAM,73728B),t142(DRAM,53760B)]"
22484,1,LOADING,COMPUTING,16,conv_3_0_b,"compute_cycles=0,loading_dram_cycles=204,loading_core_cycles=0"
22485,1,COMPUTING,WRITEBACK,16,conv_3_0_b,"writeback_to_dram"
22520,1,WRITEBACK,IDLE,17,conv_3_0_c,"writeback_complete"
22521,1,IDLE,LOADING,17,conv_3_0_c,"waiting_for=[t151(DRAM,32768B),t148(DRAM,50176B),t154(DRAM,380160B)]"
22536,2,LOADING,COMPUTING,16,conv_3_0_b,"compute_cycles=0,loading_dram_cycles=155,loading_core_cycles=0"
22537,2,COMPUTING,WRITEBACK,16,conv_3_0_b,"writeback_to_dram"
22652,3,LOADING,COMPUTING,15,conv_3_0_a,"compute_cycles=0,loading_dram_cycles=538,loading_core_cycles=0"
22653,3,COMPUTING,WRITEBACK,15,conv_3_0_a,"writeback_to_dram"
22712,2,WRITEBACK,IDLE,17,conv_3_0_c,"writeback_complete"
22713,2,IDLE,LOADING,17,conv_3_0_c,"waiting_for=[t144(DRAM,32768B),t148(DRAM,50176B),t154(DRAM,380160B)]"
22722,3,WRITEBACK,IDLE,16,conv_3_0_b,"writeback_complete"
22723,3,IDLE,LOADING,16,conv_3_0_b,"waiting_for=[t143(DRAM,73728B),t137(DRAM,53760B),t145(DRAM,50176B)]"
23095,1,LOADING,COMPUTING,17,conv_3_0_c,"compute_cycles=0,loading_dram_cycles=574,loading_core_cycles=0"
23096,1,COMPUTING,WRITEBACK,17,conv_3_0_c,"writeback_to_dram"
23107,3,LOADING,COMPUTING,16,conv_3_0_b,"compute_cycles=0,loading_dram_cycles=384,loading_core_cycles=0"
23108,3,COMPUTING,WRITEBACK,16,conv_3_0_b,"writeback_to_dram"
23143,3,WRITEBACK,IDLE,17,conv_3_0_c,"writeback_complete"
23144,3,IDLE,LOADING,17,conv_3_0_c,"waiting_for=[t151(DRAM,32768B),t145(DRAM,50176B),t153(DRAM,380160B)]"
23276,2,LOADING,COMPUTING,17,conv_3_0_c,"compute_cycles=0,loading_dram_cycles=563,loading_core_cycles=0"
23277,2,COMPUTING,WRITEBACK,17,conv_3_0_c,"writeback_to_dram"
23308,0,COMPUTING,WRITEBACK,19,conv_3_0_res,"writeback_to_dram"
23364,1,WRITEBACK,IDLE,18,conv_3_br,"writeback_complete"
23365,1,IDLE,LOADING,18,conv_3_br,"waiting_for=[t155(DRAM,65536B),t154(DRAM,380160B),t168(DRAM,100352B),t170(DRAM,100352B)]"
23658,2,WRITEBACK,IDLE,18,conv_3_br,"writeback_complete"
23659,2,IDLE,LOADING,18,conv_3_br,"waiting_for=[t152(DRAM,65536B),t154(DRAM,380160B),t160(DRAM,100352B),t162(DRAM,100352B)]"
23697,0,WRITEBACK,IDLE,20,conv_3_1_a,"writeback_complete"
23698,0,IDLE,LOADING,20,conv_3_1_a,"waiting_for=[t172(DRAM,32768B),t173(DRAM,200704B)]"
23738,3,LOADING,COMPUTING,17,conv_3_0_c,"compute_cycles=0,loading_dram_cycles=594,loading_core_cycles=0"
23739,3,COMPUTING,WRITEBACK,17,conv_3_0_c,"writeback_to_dram"
24080,3,WRITEBACK,IDLE,18,conv_3_br,"writeback_complete"
24081,3,IDLE,LOADING,18,conv_3_br,"waiting_for=[t155(DRAM,65536B),t153(DRAM,380160B),t164(DRAM,100352B),t166(DRAM,100352B)]"
24108,1,LOADING,COMPUTING,18,conv_3_br,"compute_cycles=0,loading_dram_cycles=743,loading_core_cycles=0"
24109,1,COMPUTING,WRITEBACK,18,conv_3_br,"writeback_to_dram"
24277,0,LOADING,COMPUTING,20,conv_3_1_a,"compute_cycles=0,loading_dram_cycles=579,loading_core_cycles=0"
24278,0,COMPUTING,WRITEBACK,20,conv_3_1_a,"writeback_to_dram"
24373,1,WRITEBACK,IDLE,19,conv_3_0_res,"writeback_complete"
24374,1,IDLE,LOADING,19,conv_3_0_res,"waiting_for=[t168(DRAM,100352B),t170(DRAM,100352B),t176(DRAM,200704B)]"
24383,0,WRITEBACK,IDLE,21,conv_3_1_b,"writeback_complete"
24384,0,IDLE,LOADING,21,conv_3_1_b,"waiting_for=[t180(DRAM,73728B),t181(DRAM,53760B)]"
24440,2,LOADING,COMPUTING,18,conv_3_br,"compute_cycles=0,loading_dram_cycles=781,loading_core_cycles=0"
24441,2,COMPUTING,WRITEBACK,18,conv_3_br,"writeback_to_dram"
24630,2,WRITEBACK,IDLE,19,conv_3_0_res,"writeback_complete"
24631,2,IDLE,LOADING,19,conv_3_0_res,"waiting_for=[t160(DRAM,100352B),t162(DRAM,100352B)]"
24695,0,LOADING,COMPUTING,21,conv_3_1_b,"compute_cycles=0,loading_dram_cycles=311,loading_core_cycles=0"
24696,0,COMPUTING,WRITEBACK,21,conv_3_1_b,"writeback_to_dram"
24731,0,WRITEBACK,IDLE,22,conv_3_1_c,"writeback_complete"
24732,0,IDLE,LOADING,22,conv_3_1_c,"waiting_for=[t188(DRAM,32768B),t189(DRAM,50176B),t196(DRAM,100352B),t197(DRAM,100352B)]"
24815,1,LOADING,COMPUTING,19,conv_3_0_res,"compute_cycles=1568,loading_dram_cycles=441,loading_core_cycles=0"
24824,3,LOADING,COMPUTING,18,conv_3_br,"compute_cycles=0,loading_dram_cycles=743,loading_core_cycles=0"
24825,3,COMPUTING,WRITEBACK,18,conv_3_br,"writeback_to_dram"
24867,2,LOADING,COMPUTING,19,conv_3_0_res,"compute_cycles=1568,loading_dram_cycles=236,loading_core_cycles=0"
24962,3,WRITEBACK,IDLE,19,conv_3_0_res,"writeback_complete"
24963,3,IDLE,LOADING,19,conv_3_0_res,"waiting_for=[t164(DRAM,100352B),t166(DRAM,100352B),t173(DRAM,200704B)]"
25023,0,LOADING,COMPUTING,22,conv_3_1_c,"compute_cycles=0,loading_dram_cycles=291,loading_core_cycles=0"
25024,0,COMPUTING,WRITEBACK,22,conv_3_1_c,"writeback_to_dram"
25161,0,WRITEBACK,IDLE,23,conv_3_1_res,"writeback_complete"
25162,0,IDLE,LOADING,23,conv_3_1_res,"waiting_for=[t196(DRAM,100352B),t197(DRAM,100352B)]"
25395,3,LOADING,COMPUTING,19,conv_3_0_res,"compute_cycles=1568,loading_dram_cycles=432,loading_core_cycles=0"
25398,0,LOADING,COMPUTING,23,conv_3_1_res,"compute_cycles=1568,loading_dram_cycles=236,loading_core_cycles=0"
26383,1,COMPUTING,WRITEBACK,19,conv_3_0_res,"writeback_to_dram"
26435,2,COMPUTING,WRITEBACK,19,conv_3_0_res,"writeback_to_dram"
26520,1,WRITEBACK,IDLE,20,conv_3_1_a,"writeback_complete"
26521,1,IDLE,LOADING,20,conv_3_1_a,"waiting_for=[t179(DRAM,32768B),t176(DRAM,200704B),t186(DRAM,53760B)]"
26672,2,WRITEBACK,IDLE,20,conv_3_1_a,"writeback_complete"
26673,2,IDLE,LOADING,20,conv_3_1_a,"waiting_for=[t172(DRAM,32768B),t176(DRAM,200704B)]"
26862,1,LOADING,COMPUTING,20,conv_3_1_a,"compute_cycles=0,loading_dram_cycles=341,loading_core_cycles=0"
26863,1,COMPUTING,WRITEBACK,20,conv_3_1_a,"writeback_to_dram"
26898,1,WRITEBACK,IDLE,21,conv_3_1_b,"writeback_complete"
26899,1,IDLE,LOADING,21,conv_3_1_b,"waiting_for=[t187(DRAM,73728B),t186(DRAM,53760B),t192(DRAM,50176B)]"
26961,2,LOADING,COMPUTING,20,conv_3_1_a,"compute_cycles=0,loading_dram_cycles=288,loading_core_cycles=0"
26962,2,COMPUTING,WRITEBACK,20,conv_3_1_a,"writeback_to_dram"
26963,3,COMPUTING,WRITEBACK,19,conv_3_0_res,"writeback_to_dram"
26966,0,COMPUTING,WRITEBACK,23,conv_3_1_res,"writeback_to_dram"
26997,2,WRITEBACK,IDLE,21,conv_3_1_b,"writeback_complete"
26998,2,IDLE,LOADING,21,conv_3_1_b,"waiting_for=[t180(DRAM,73728B),t186(DRAM,53760B)]"
27100,3,WRITEBACK,IDLE,20,conv_3_1_a,"writeback_complete"
27101,3,IDLE,LOADING,20,conv_3_1_a,"waiting_for=[t179(DRAM,32768B),t173(DRAM,200704B)]"
27103,1,LOADING,COMPUTING,21,conv_3_1_b,"compute_cycles=0,loading_dram_cycles=204,loading_core_cycles=0"
27104,1,COMPUTING,WRITEBACK,21,conv_3_1_b,"writeback_to_dram"
27140,0,WRITEBACK,IDLE,24,conv_3_2_a,"writeback_complete"
27141,0,IDLE,LOADING,24,conv_3_2_a,"waiting_for=[t208(DRAM,32768B),t209(DRAM,200704B)]"
27153,2,LOADING,COMPUTING,21,conv_3_1_b,"compute_cycles=0,loading_dram_cycles=155,loading_core_cycles=0"
27154,2,COMPUTING,WRITEBACK,21,conv_3_1_b,"writeback_to_dram"
27240,1,WRITEBACK,IDLE,22,conv_3_1_c,"writeback_complete"
27241,1,IDLE,LOADING,22,conv_3_1_c,"waiting_for=[t195(DRAM,32768B),t192(DRAM,50176B),t205(DRAM,100352B),t206(DRAM,100352B)]"
27342,2,WRITEBACK,IDLE,22,conv_3_1_c,"writeback_complete"
27343,2,IDLE,LOADING,22,conv_3_1_c,"waiting_for=[t188(DRAM,32768B),t192(DRAM,50176B),t199(DRAM,100352B),t200(DRAM,100352B)]"
27438,3,LOADING,COMPUTING,20,conv_3_1_a,"compute_cycles=0,loading_dram_cycles=337,loading_core_cycles=0"
27439,3,COMPUTING,WRITEBACK,20,conv_3_1_a,"writeback_to_dram"
27539,0,LOADING,COMPUTING,24,conv_3_2_a,"compute_cycles=0,loading_dram_cycles=398,loading_core_cycles=0"
27540,0,COMPUTING,WRITEBACK,24,conv_3_2_a,"writeback_to_dram"
27574,3,WRITEBACK,IDLE,21,conv_3_1_b,"writeback_complete"
27575,3,IDLE,LOADING,21,conv_3_1_b,"waiting_for=[t187(DRAM,73728B),t181(DRAM,53760B),t189(DRAM,50176B)]"
27584,0,WRITEBACK,IDLE,25,conv_3_2_b,"writeback_complete"
27585,0,IDLE,LOADING,25,conv_3_2_b,"waiting_for=[t216(DRAM,73728B),t217(DRAM,53760B)]"
27633,1,LOADING,COMPUTING,22,conv_3_1_c,"compute_cycles=0,loading_dram_cycles=392,loading_core_cycles=0"
27634,1,COMPUTING,WRITEBACK,22,conv_3_1_c,"writeback_to_dram"
27744,2,LOADING,COMPUTING,22,conv_3_1_c,"compute_cycles=0,loading_dram_cycles=401,loading_core_cycles=0"
27745,2,COMPUTING,WRITEBACK,22,conv_3_1_c,"writeback_to_dram"
27771,1,WRITEBACK,IDLE,23,conv_3_1_res,"writeback_complete"
27772,1,IDLE,LOADING,23,conv_3_1_res,"waiting_for=[t205(DRAM,100352B),t206(DRAM,100352B),t212(DRAM,200704B)]"
27788,3,LOADING,COMPUTING,21,conv_3_1_b,"compute_cycles=0,loading_dram_cycles=213,loading_core_cycles=0"
27789,3,COMPUTING,WRITEBACK,21,conv_3_1_b,"writeback_to_dram"
27808,0,LOADING,COMPUTING,25,conv_3_2_b,"compute_cycles=0,loading_dram_cycles=223,loading_core_cycles=0"
27809,0,COMPUTING,WRITEBACK,25,conv_3_2_b,"writeback_to_dram"
27939,3,WRITEBACK,IDLE,22,conv_3_1_c,"writeback_complete"
27940,3,IDLE,LOADING,22,conv_3_1_c,"waiting_for=[t195(DRAM,32768B),t189(DRAM,50176B),t202(DRAM,100352B),t203(DRAM,100352B)]"
27949,0,WRITEBACK,IDLE,26,conv_3_2_c,"writeback_complete"
27950,0,IDLE,LOADING,26,conv_3_2_c,"waiting_for=[t224(DRAM,32768B),t225(DRAM,50176B),t232(DRAM,100352B),t233(DRAM,100352B)]"
27988,2,WRITEBACK,IDLE,23,conv_3_1_res,"writeback_complete"
27989,2,IDLE,LOADING,23,conv_3_1_res,"waiting_for=[t199(DRAM,100352B),t200(DRAM,100352B)]"
28204,1,LOADING,COMPUTING,23,conv_3_1_res,"compute_cycles=1568,loading_dram_cycles=432,loading_core_cycles=0"
28279,3,LOADING,COMPUTING,22,conv_3_1_c,"compute_cycles=0,loading_dram_cycles=339,loading_core_cycles=0"
28280,3,COMPUTING,WRITEBACK,22,conv_3_1_c,"writeback_to_dram"
28390,0,LOADING,COMPUTING,26,conv_3_2_c,"compute_cycles=0,loading_dram_cycles=440,loading_core_cycles=0"
28391,0,COMPUTING,WRITEBACK,26,conv_3_2_c,"writeback_to_dram"
28417,3,WRITEBACK,IDLE,23,conv_3_1_res,"writeback_complete"
28418,3,IDLE,LOADING,23,conv_3_1_res,"waiting_for=[t202(DRAM,100352B),t203(DRAM,100352B),t209(DRAM,200704B)]"
28446,2,LOADING,COMPUTING,23,conv_3_1_res,"compute_cycles=1568,loading_dram_cycles=457,loading_core_cycles=0"
28614,0,WRITEBACK,IDLE,27,conv_3_2_res,"writeback_complete"
28615,0,IDLE,LOADING,27,conv_3_2_res,"waiting_for=[t232(DRAM,100352B),t233(DRAM,100352B)]"
28850,3,LOADING,COMPUTING,23,conv_3_1_res,"compute_cycles=1568,loading_dram_cycles=432,loading_core_cycles=0"
28851,0,LOADING,COMPUTING,27,conv_3_2_res,"compute_cycles=1568,loading_dram_cycles=236,loading_core_cycles=0"
29772,1,COMPUTING,WRITEBACK,23,conv_3_1_res,"writeback_to_dram"
29909,1,WRITEBACK,IDLE,24,conv_3_2_a,"writeback_complete"
29910,1,IDLE,LOADING,24,conv_3_2_a,"waiting_for=[t215(DRAM,32768B),t212(DRAM,200704B),t222(DRAM,53760B)]"
30014,2,COMPUTING,WRITEBACK,23,conv_3_1_res,"writeback_to_dram"
30151,2,WRITEBACK,IDLE,24,conv_3_2_a,"writeback_complete"
30152,2,IDLE,LOADING,24,conv_3_2_a,"waiting_for=[t208(DRAM,32768B),t212(DRAM,200704B)]"
30251,1,LOADING,COMPUTING,24,conv_3_2_a,"compute_cycles=0,loading_dram_cycles=341,loading_core_cycles=0"
30252,1,COMPUTING,WRITEBACK,24,conv_3_2_a,"writeback_to_dram"
30287,1,WRITEBACK,IDLE,25,conv_3_2_b,"writeback_complete"
30288,1,IDLE,LOADING,25,conv_3_2_b,"waiting_for=[t223(DRAM,73728B),t222(DRAM,53760B),t228(DRAM,50176B)]"
30418,3,COMPUTING,WRITEBACK,23,conv_3_1_res,"writeback_to_dram"
30419,0,COMPUTING,WRITEBACK,27,conv_3_2_res,"writeback_to_dram"
30440,2,LOADING,COMPUTING,24,conv_3_2_a,"compute_cycles=0,loading_dram_cycles=288,loading_core_cycles=0"
30441,2,COMPUTING,WRITEBACK,24,conv_3_2_a,"writeback_to_dram"
30476,2,WRITEBACK,IDLE,25,conv_3_2_b,"writeback_complete"
30477,2,IDLE,LOADING,25,conv_3_2_b,"waiting_for=[t216(DRAM,73728B),t222(DRAM,53760B)]"
30492,1,LOADING,COMPUTING,25,conv_3_2_b,"compute_cycles=0,loading_dram_cycles=204,loading_core_cycles=0"
30493,1,COMPUTING,WRITEBACK,25,conv_3_2_b,"writeback_to_dram"
30566,3,WRITEBACK,IDLE,24,conv_3_2_a,"writeback_complete"
30567,3,IDLE,LOADING,24,conv_3_2_a,"waiting_for=[t215(DRAM,32768B),t209(DRAM,200704B)]"
30606,0,WRITEBACK,IDLE,28,conv_3_3_a,"writeback_complete"
30607,0,IDLE,LOADING,28,conv_3_3_a,"waiting_for=[t244(DRAM,32768B),t245(DRAM,200704B)]"
30616,1,WRITEBACK,IDLE,26,conv_3_2_c,"writeback_complete"
30617,1,IDLE,LOADING,26,conv_3_2_c,"waiting_for=[t231(DRAM,32768B),t228(DRAM,50176B),t241(DRAM,100352B),t242(DRAM,100352B)]"
30670,2,LOADING,COMPUTING,25,conv_3_2_b,"compute_cycles=0,loading_dram_cycles=193,loading_core_cycles=0"
30671,2,COMPUTING,WRITEBACK,25,conv_3_2_b,"writeback_to_dram"
30904,3,LOADING,COMPUTING,24,conv_3_2_a,"compute_cycles=0,loading_dram_cycles=337,loading_core_cycles=0"
30905,3,COMPUTING,WRITEBACK,24,conv_3_2_a,"writeback_to_dram"
30919,2,WRITEBACK,IDLE,26,conv_3_2_c,"writeback_complete"
30920,2,IDLE,LOADING,26,conv_3_2_c,"waiting_for=[t224(DRAM,32768B),t228(DRAM,50176B),t235(DRAM,100352B),t236(DRAM,100352B)]"
30995,0,LOADING,COMPUTING,28,conv_3_3_a,"compute_cycles=0,loading_dram_cycles=388,loading_core_cycles=0"
30996,0,COMPUTING,WRITEBACK,28,conv_3_3_a,"writeback_to_dram"
31041,3,WRITEBACK,IDLE,25,conv_3_2_b,"writeback_complete"
31042,3,IDLE,LOADING,25,conv_3_2_b,"waiting_for=[t223(DRAM,73728B),t217(DRAM,53760B),t225(DRAM,50176B)]"
31051,0,WRITEBACK,IDLE,29,conv_3_3_b,"writeback_complete"
31052,0,IDLE,LOADING,29,conv_3_3_b,"waiting_for=[t252(DRAM,73728B),t253(DRAM,53760B)]"
31089,1,LOADING,COMPUTING,26,conv_3_2_c,"compute_cycles=0,loading_dram_cycles=472,loading_core_cycles=0"
31090,1,COMPUTING,WRITEBACK,26,conv_3_2_c,"writeback_to_dram"
31211,2,LOADING,COMPUTING,26,conv_3_2_c,"compute_cycles=0,loading_dram_cycles=291,loading_core_cycles=0"
31212,2,COMPUTING,WRITEBACK,26,conv_3_2_c,"writeback_to_dram"
31227,1,WRITEBACK,IDLE,27,conv_3_2_res,"writeback_complete"
31228,1,IDLE,LOADING,27,conv_3_2_res,"waiting_for=[t241(DRAM,100352B),t242(DRAM,100352B),t248(DRAM,200704B)]"
31255,3,LOADING,COMPUTING,25,conv_3_2_b,"compute_cycles=0,loading_dram_cycles=213,loading_core_cycles=0"
31256,3,COMPUTING,WRITEBACK,25,conv_3_2_b,"writeback_to_dram"
31275,0,LOADING,COMPUTING,29,conv_3_3_b,"compute_cycles=0,loading_dram_cycles=223,loading_core_cycles=0"
31276,0,COMPUTING,WRITEBACK,29,conv_3_3_b,"writeback_to_dram"
31395,3,WRITEBACK,IDLE,26,conv_3_2_c,"writeback_complete"
31396,3,IDLE,LOADING,26,conv_3_2_c,"waiting_for=[t231(DRAM,32768B),t225(DRAM,50176B),t238(DRAM,100352B),t239(DRAM,100352B)]"
31405,0,WRITEBACK,IDLE,30,conv_3_3_c,"writeback_complete"
31406,0,IDLE,LOADING,30,conv_3_3_c,"waiting_for=[t260(DRAM,32768B),t261(DRAM,50176B),t268(DRAM,100352B),t269(DRAM,100352B)]"
31444,2,WRITEBACK,IDLE,27,conv_3_2_res,"writeback_complete"
31445,2,IDLE,LOADING,27,conv_3_2_res,"waiting_for=[t235(DRAM,100352B),t236(DRAM,100352B)]"
31660,1,LOADING,COMPUTING,27,conv_3_2_res,"compute_cycles=1568,loading_dram_cycles=432,loading_core_cycles=0"
31735,3,LOADING,COMPUTING,26,conv_3_2_c,"compute_cycles=0,loading_dram_cycles=339,loading_core_cycles=0"
31736,3,COMPUTING,WRITEBACK,26,conv_3_2_c,"writeback_to_dram"
31846,0,LOADING,COMPUTING,30,conv_3_3_c,"compute_cycles=0,loading_dram_cycles=440,loading_core_cycles=0"
31847,0,COMPUTING,WRITEBACK,30,conv_3_3_c,"writeback_to_dram"
31873,3,WRITEBACK,IDLE,27,conv_3_2_res,"writeback_complete"
31874,3,IDLE,LOADING,27,conv_3_2_res,"waiting_for=[t238(DRAM,100352B),t239(DRAM,100352B),t245(DRAM,200704B)]"
31902,2,LOADING,COMPUTING,27,conv_3_2_res,"compute_cycles=1568,loading_dram_cycles=457,loading_core_cycles=0"
32070,0,WRITEBACK,IDLE,31,conv_3_3_res,"writeback_complete"
32071,0,IDLE,LOADING,31,conv_3_3_res,"waiting_for=[t268(DRAM,100352B),t269(DRAM,100352B)]"
32306,3,LOADING,COMPUTING,27,conv_3_2_res,"compute_cycles=1568,loading_dram_cycles=432,loading_core_cycles=0"
32307,0,LOADING,COMPUTING,31,conv_3_3_res,"compute_cycles=1568,loading_dram_cycles=236,loading_core_cycles=0"
33228,1,COMPUTING,WRITEBACK,27,conv_3_2_res,"writeback_to_dram"
33365,1,WRITEBACK,IDLE,28,conv_3_3_a,"writeback_complete"
33366,1,IDLE,LOADING,28,conv_3_3_a,"waiting_for=[t251(DRAM,32768B),t248(DRAM,200704B),t258(DRAM,53760B)]"
33470,2,COMPUTING,WRITEBACK,27,conv_3_2_res,"writeback_to_dram"
33607,2,WRITEBACK,IDLE,28,conv_3_3_a,"writeback_complete"
33608,2,IDLE,LOADING,28,conv_3_3_a,"waiting_for=[t244(DRAM,32768B),t248(DRAM,200704B)]"
33707,1,LOADING,COMPUTING,28,conv_3_3_a,"compute_cycles=0,loading_dram_cycles=341,loading_core_cycles=0"
33708,1,COMPUTING,WRITEBACK,28,conv_3_3_a,"writeback_to_dram"
33743,1,WRITEBACK,IDLE,29,conv_3_3_b,"writeback_complete"
33744,1,IDLE,LOADING,29,conv_3_3_b,"waiting_for=[t259(DRAM,73728B),t258(DRAM,53760B),t264(DRAM,50176B)]"
33874,3,COMPUTING,WRITEBACK,27,conv_3_2_res,"writeback_to_dram"
33875,0,COMPUTING,WRITEBACK,31,conv_3_3_res,"writeback_to_dram"
33896,2,LOADING,COMPUTING,28,conv_3_3_a,"compute_cycles=0,loading_dram_cycles=288,loading_core_cycles=0"
33897,2,COMPUTING,WRITEBACK,28,conv_3_3_a,"writeback_to_dram"
33932,2,WRITEBACK,IDLE,29,conv_3_3_b,"writeback_complete"
33933,2,IDLE,LOADING,29,conv_3_3_b,"waiting_for=[t252(DRAM,73728B),t258(DRAM,53760B)]"
33948,1,LOADING,COMPUTING,29,conv_3_3_b,"compute_cycles=0,loading_dram_cycles=204,loading_core_cycles=0"
33949,1,COMPUTING,WRITEBACK,29,conv_3_3_b,"writeback_to_dram"
34022,3,WRITEBACK,IDLE,28,conv_3_3_a,"writeback_complete"
34023,3,IDLE,LOADING,28,conv_3_3_a,"waiting_for=[t251(DRAM,32768B),t245(DRAM,200704B)]"
34062,0,WRITEBACK,IDLE,32,conv_4_0_a,"writeback_complete"
34063,0,IDLE,LOADING,32,conv_4_0_a,"waiting_for=[t280(DRAM,65536B),t281(DRAM,179712B)]"
34071,1,WRITEBACK,IDLE,30,conv_3_3_c,"writeback_complete"
34072,1,IDLE,LOADING,30,conv_3_3_c,"waiting_for=[t267(DRAM,32768B),t264(DRAM,50176B),t277(DRAM,100352B),t278(DRAM,100352B)]"
34126,2,LOADING,COMPUTING,29,conv_3_3_b,"compute_cycles=0,loading_dram_cycles=193,loading_core_cycles=0"
34127,2,COMPUTING,WRITEBACK,29,conv_3_3_b,"writeback_to_dram"
34360,3,LOADING,COMPUTING,28,conv_3_3_a,"compute_cycles=0,loading_dram_cycles=337,loading_core_cycles=0"
34361,3,COMPUTING,WRITEBACK,28,conv_3_3_a,"writeback_to_dram"
34379,2,WRITEBACK,IDLE,30,conv_3_3_c,"writeback_complete"
34380,2,IDLE,LOADING,30,conv_3_3_c,"waiting_for=[t260(DRAM,32768B),t264(DRAM,50176B),t271(DRAM,100352B),t272(DRAM,100352B)]"
34436,0,LOADING,COMPUTING,32,conv_4_0_a,"compute_cycles=0,loading_dram_cycles=373,loading_core_cycles=0"
34437,0,COMPUTING,WRITEBACK,32,conv_4_0_a,"writeback_to_dram"
34501,3,WRITEBACK,IDLE,29,conv_3_3_b,"writeback_complete"
34502,3,IDLE,LOADING,29,conv_3_3_b,"waiting_for=[t259(DRAM,73728B),t253(DRAM,53760B),t261(DRAM,50176B)]"
34507,0,WRITEBACK,IDLE,33,conv_4_0_b,"writeback_complete"
34508,0,IDLE,LOADING,33,conv_4_0_b,"waiting_for=[t288(DRAM,294912B),t289(DRAM,28672B)]"
34549,1,LOADING,COMPUTING,30,conv_3_3_c,"compute_cycles=0,loading_dram_cycles=477,loading_core_cycles=0"
34550,1,COMPUTING,WRITEBACK,30,conv_3_3_c,"writeback_to_dram"
34671,2,LOADING,COMPUTING,30,conv_3_3_c,"compute_cycles=0,loading_dram_cycles=291,loading_core_cycles=0"
34672,2,COMPUTING,WRITEBACK,30,conv_3_3_c,"writeback_to_dram"
34711,3,LOADING,COMPUTING,29,conv_3_3_b,"compute_cycles=0,loading_dram_cycles=209,loading_core_cycles=0"
34712,3,COMPUTING,WRITEBACK,29,conv_3_3_b,"writeback_to_dram"
34743,1,WRITEBACK,IDLE,31,conv_3_3_res,"writeback_complete"
34744,1,IDLE,LOADING,31,conv_3_3_res,"waiting_for=[t277(DRAM,100352B),t278(DRAM,100352B),t284(DRAM,179712B)]"
34752,3,WRITEBACK,IDLE,30,conv_3_3_c,"writeback_complete"
34753,3,IDLE,LOADING,30,conv_3_3_c,"waiting_for=[t267(DRAM,32768B),t261(DRAM,50176B),t274(DRAM,100352B),t275(DRAM,100352B)]"
35008,0,LOADING,COMPUTING,33,conv_4_0_b,"compute_cycles=0,loading_dram_cycles=500,loading_core_cycles=0"
35009,0,COMPUTING,WRITEBACK,33,conv_4_0_b,"writeback_to_dram"
35053,2,WRITEBACK,IDLE,31,conv_3_3_res,"writeback_complete"
35054,2,IDLE,LOADING,31,conv_3_3_res,"waiting_for=[t271(DRAM,100352B),t272(DRAM,100352B)]"
35058,0,WRITEBACK,IDLE,34,conv_4_0_c,"writeback_complete"
35059,0,IDLE,LOADING,34,conv_4_0_c,"waiting_for=[t296(DRAM,131072B),t297(DRAM,25088B),t305(DRAM,179712B)]"
35165,1,LOADING,COMPUTING,31,conv_3_3_res,"compute_cycles=1568,loading_dram_cycles=421,loading_core_cycles=0"
35192,3,LOADING,COMPUTING,30,conv_3_3_c,"compute_cycles=0,loading_dram_cycles=439,loading_core_cycles=0"
35193,3,COMPUTING,WRITEBACK,30,conv_3_3_c,"writeback_to_dram"
35294,2,LOADING,COMPUTING,31,conv_3_3_res,"compute_cycles=1568,loading_dram_cycles=240,loading_core_cycles=0"
35330,3,WRITEBACK,IDLE,31,conv_3_3_res,"writeback_complete"
35331,3,IDLE,LOADING,31,conv_3_3_res,"waiting_for=[t274(DRAM,100352B),t275(DRAM,100352B),t281(DRAM,179712B)]"
35516,0,LOADING,COMPUTING,34,conv_4_0_c,"compute_cycles=0,loading_dram_cycles=457,loading_core_cycles=0"
35517,0,COMPUTING,WRITEBACK,34,conv_4_0_c,"writeback_to_dram"
35586,0,WRITEBACK,IDLE,35,conv_4_br,"writeback_complete"
35587,0,IDLE,LOADING,35,conv_4_br,"waiting_for=[t304(DRAM,262144B),t305(DRAM,179712B),t308(DRAM,50176B),t310(DRAM,50176B)]"
35743,3,LOADING,COMPUTING,31,conv_3_3_res,"compute_cycles=1568,loading_dram_cycles=412,loading_core_cycles=0"
36220,0,LOADING,COMPUTING,35,conv_4_br,"compute_cycles=0,loading_dram_cycles=633,loading_core_cycles=0"
36221,0,COMPUTING,WRITEBACK,35,conv_4_br,"writeback_to_dram"
36289,0,WRITEBACK,IDLE,36,conv_4_0_res,"writeback_complete"
36290,0,IDLE,LOADING,36,conv_4_0_res,"waiting_for=[t308(DRAM,50176B),t310(DRAM,50176B)]"
36409,0,LOADING,COMPUTING,36,conv_4_0_res,"compute_cycles=784,loading_dram_cycles=119,loading_core_cycles=0"
36733,1,COMPUTING,WRITEBACK,31,conv_3_3_res,"writeback_to_dram"
36862,2,COMPUTING,WRITEBACK,31,conv_3_3_res,"writeback_to_dram"
36870,1,WRITEBACK,IDLE,32,conv_4_0_a,"writeback_complete"
36871,1,IDLE,LOADING,32,conv_4_0_a,"waiting_for=[t287(DRAM,65536B),t284(DRAM,179712B),t294(DRAM,28672B)]"
37017,2,WRITEBACK,IDLE,32,conv_4_0_a,"writeback_complete"
37018,2,IDLE,LOADING,32,conv_4_0_a,"waiting_for=[t280(DRAM,65536B),t284(DRAM,179712B)]"
37172,1,LOADING,COMPUTING,32,conv_4_0_a,"compute_cycles=0,loading_dram_cycles=301,loading_core_cycles=0"
37173,1,COMPUTING,WRITEBACK,32,conv_4_0_a,"writeback_to_dram"
37191,1,WRITEBACK,IDLE,33,conv_4_0_b,"writeback_complete"
37192,1,IDLE,LOADING,33,conv_4_0_b,"waiting_for=[t295(DRAM,294912B),t294(DRAM,28672B),t300(DRAM,25088B)]"
37193,0,COMPUTING,WRITEBACK,36,conv_4_0_res,"writeback_to_dram"
37291,2,LOADING,COMPUTING,32,conv_4_0_a,"compute_cycles=0,loading_dram_cycles=273,loading_core_cycles=0"
37292,2,COMPUTING,WRITEBACK,32,conv_4_0_a,"writeback_to_dram"
37311,3,COMPUTING,WRITEBACK,31,conv_3_3_res,"writeback_to_dram"
37349,0,WRITEBACK,IDLE,37,conv_4_1_a,"writeback_complete"
37350,0,IDLE,LOADING,37,conv_4_1_a,"waiting_for=[t324(DRAM,131072B),t325(DRAM,100352B)]"
37354,2,WRITEBACK,IDLE,33,conv_4_0_b,"writeback_complete"
37355,2,IDLE,LOADING,33,conv_4_0_b,"waiting_for=[t288(DRAM,294912B),t294(DRAM,28672B)]"
37611,3,WRITEBACK,IDLE,32,conv_4_0_a,"writeback_complete"
37612,3,IDLE,LOADING,32,conv_4_0_a,"waiting_for=[t287(DRAM,65536B),t281(DRAM,179712B)]"
37632,0,LOADING,COMPUTING,37,conv_4_1_a,"compute_cycles=0,loading_dram_cycles=282,loading_core_cycles=0"
37633,0,COMPUTING,WRITEBACK,37,conv_4_1_a,"writeback_to_dram"
37649,1,LOADING,COMPUTING,33,conv_4_0_b,"compute_cycles=0,loading_dram_cycles=457,loading_core_cycles=0"
37650,1,COMPUTING,WRITEBACK,33,conv_4_0_b,"writeback_to_dram"
37713,0,WRITEBACK,IDLE,38,conv_4_1_b,"writeback_complete"
37714,0,IDLE,LOADING,38,conv_4_1_b,"waiting_for=[t332(DRAM,294912B),t333(DRAM,28672B)]"
37718,1,WRITEBACK,IDLE,34,conv_4_0_c,"writeback_complete"
37719,1,IDLE,LOADING,34,conv_4_0_c,"waiting_for=[t303(DRAM,131072B),t300(DRAM,25088B),t306(DRAM,179712B)]"
37877,2,LOADING,COMPUTING,33,conv_4_0_b,"compute_cycles=0,loading_dram_cycles=522,loading_core_cycles=0"
37878,2,COMPUTING,WRITEBACK,33,conv_4_0_b,"writeback_to_dram"
37895,3,LOADING,COMPUTING,32,conv_4_0_a,"compute_cycles=0,loading_dram_cycles=283,loading_core_cycles=0"
37896,3,COMPUTING,WRITEBACK,32,conv_4_0_a,"writeback_to_dram"
37981,2,WRITEBACK,IDLE,34,conv_4_0_c,"writeback_complete"
37982,2,IDLE,LOADING,34,conv_4_0_c,"waiting_for=[t296(DRAM,131072B),t300(DRAM,25088B),t306(DRAM,179712B)]"
37986,3,WRITEBACK,IDLE,33,conv_4_0_b,"writeback_complete"
37987,3,IDLE,LOADING,33,conv_4_0_b,"waiting_for=[t295(DRAM,294912B),t289(DRAM,28672B),t297(DRAM,25088B)]"
38150,0,LOADING,COMPUTING,38,conv_4_1_b,"compute_cycles=0,loading_dram_cycles=436,loading_core_cycles=0"
38151,0,COMPUTING,WRITEBACK,38,conv_4_1_b,"writeback_to_dram"
38224,1,LOADING,COMPUTING,34,conv_4_0_c,"compute_cycles=0,loading_dram_cycles=505,loading_core_cycles=0"
38225,1,COMPUTING,WRITEBACK,34,conv_4_0_c,"writeback_to_dram"
38258,0,WRITEBACK,IDLE,39,conv_4_1_c,"writeback_complete"
38259,0,IDLE,LOADING,39,conv_4_1_c,"waiting_for=[t340(DRAM,131072B),t341(DRAM,25088B),t348(DRAM,50176B),t349(DRAM,50176B)]"
38366,2,LOADING,COMPUTING,34,conv_4_0_c,"compute_cycles=0,loading_dram_cycles=384,loading_core_cycles=0"
38367,2,COMPUTING,WRITEBACK,34,conv_4_0_c,"writeback_to_dram"
38379,1,WRITEBACK,IDLE,35,conv_4_br,"writeback_complete"
38380,1,IDLE,LOADING,35,conv_4_br,"waiting_for=[t307(DRAM,262144B),t306(DRAM,179712B),t320(DRAM,50176B),t322(DRAM,50176B)]"
38562,0,LOADING,COMPUTING,39,conv_4_1_c,"compute_cycles=0,loading_dram_cycles=303,loading_core_cycles=0"
38563,0,COMPUTING,WRITEBACK,39,conv_4_1_c,"writeback_to_dram"
38574,3,LOADING,COMPUTING,33,conv_4_0_b,"compute_cycles=0,loading_dram_cycles=587,loading_core_cycles=0"
38575,3,COMPUTING,WRITEBACK,33,conv_4_0_b,"writeback_to_dram"
38612,2,WRITEBACK,IDLE,35,conv_4_br,"writeback_complete"
38613,2,IDLE,LOADING,35,conv_4_br,"waiting_for=[t304(DRAM,262144B),t306(DRAM,179712B),t312(DRAM,50176B),t314(DRAM,50176B)]"
38617,3,WRITEBACK,IDLE,34,conv_4_0_c,"writeback_complete"
38618,3,IDLE,LOADING,34,conv_4_0_c,"waiting_for=[t303(DRAM,131072B),t297(DRAM,25088B),t305(DRAM,179712B)]"
38636,0,WRITEBACK,IDLE,40,conv_4_1_res,"writeback_complete"
38637,0,IDLE,LOADING,40,conv_4_1_res,"waiting_for=[t348(DRAM,50176B),t349(DRAM,50176B)]"
39013,1,LOADING,COMPUTING,35,conv_4_br,"compute_cycles=0,loading_dram_cycles=633,loading_core_cycles=0"
39014,1,COMPUTING,WRITEBACK,35,conv_4_br,"writeback_to_dram"
39083,1,WRITEBACK,IDLE,36,conv_4_0_res,"writeback_complete"
39084,1,IDLE,LOADING,36,conv_4_0_res,"waiting_for=[t320(DRAM,50176B),t322(DRAM,50176B),t328(DRAM,100352B)]"
39098,0,LOADING,COMPUTING,40,conv_4_1_res,"compute_cycles=784,loading_dram_cycles=461,loading_core_cycles=0"
39229,3,LOADING,COMPUTING,34,conv_4_0_c,"compute_cycles=0,loading_dram_cycles=611,loading_core_cycles=0"
39230,3,COMPUTING,WRITEBACK,34,conv_4_0_c,"writeback_to_dram"
39270,2,LOADING,COMPUTING,35,conv_4_br,"compute_cycles=0,loading_dram_cycles=657,loading_core_cycles=0"
39271,2,COMPUTING,WRITEBACK,35,conv_4_br,"writeback_to_dram"
39299,3,WRITEBACK,IDLE,35,conv_4_br,"writeback_complete"
39300,3,IDLE,LOADING,35,conv_4_br,"waiting_for=[t307(DRAM,262144B),t305(DRAM,179712B),t316(DRAM,50176B),t318(DRAM,50176B)]"
39301,1,LOADING,COMPUTING,36,conv_4_0_res,"compute_cycles=784,loading_dram_cycles=217,loading_core_cycles=0"
39532,2,WRITEBACK,IDLE,36,conv_4_0_res,"writeback_complete"
39533,2,IDLE,LOADING,36,conv_4_0_res,"waiting_for=[t312(DRAM,50176B),t314(DRAM,50176B)]"
39652,2,LOADING,COMPUTING,36,conv_4_0_res,"compute_cycles=784,loading_dram_cycles=119,loading_core_cycles=0"
39882,0,COMPUTING,WRITEBACK,40,conv_4_1_res,"writeback_to_dram"
39933,3,LOADING,COMPUTING,35,conv_4_br,"compute_cycles=0,loading_dram_cycles=633,loading_core_cycles=0"
39934,3,COMPUTING,WRITEBACK,35,conv_4_br,"writeback_to_dram"
39951,0,WRITEBACK,IDLE,41,conv_4_2_a,"writeback_complete"
39952,0,IDLE,LOADING,41,conv_4_2_a,"waiting_for=[t360(DRAM,131072B),t361(DRAM,100352B)]"
40063,3,WRITEBACK,IDLE,36,conv_4_0_res,"writeback_complete"
40064,3,IDLE,LOADING,36,conv_4_0_res,"waiting_for=[t316(DRAM,50176B),t318(DRAM,50176B),t325(DRAM,100352B)]"
40085,1,COMPUTING,WRITEBACK,36,conv_4_0_res,"writeback_to_dram"
40163,1,WRITEBACK,IDLE,37,conv_4_1_a,"writeback_complete"
40164,1,IDLE,LOADING,37,conv_4_1_a,"waiting_for=[t331(DRAM,131072B),t328(DRAM,100352B),t338(DRAM,28672B)]"
40230,0,LOADING,COMPUTING,41,conv_4_2_a,"compute_cycles=0,loading_dram_cycles=278,loading_core_cycles=0"
40231,0,COMPUTING,WRITEBACK,41,conv_4_2_a,"writeback_to_dram"
40271,0,WRITEBACK,IDLE,42,conv_4_2_b,"writeback_complete"
40272,0,IDLE,LOADING,42,conv_4_2_b,"waiting_for=[t368(DRAM,294912B),t369(DRAM,28672B)]"
40281,3,LOADING,COMPUTING,36,conv_4_0_res,"compute_cycles=784,loading_dram_cycles=217,loading_core_cycles=0"
40436,2,COMPUTING,WRITEBACK,36,conv_4_0_res,"writeback_to_dram"
40470,1,LOADING,COMPUTING,37,conv_4_1_a,"compute_cycles=0,loading_dram_cycles=306,loading_core_cycles=0"
40471,1,COMPUTING,WRITEBACK,37,conv_4_1_a,"writeback_to_dram"
40489,1,WRITEBACK,IDLE,38,conv_4_1_b,"writeback_complete"
40490,1,IDLE,LOADING,38,conv_4_1_b,"waiting_for=[t339(DRAM,294912B),t338(DRAM,28672B),t344(DRAM,25088B)]"
40509,2,WRITEBACK,IDLE,37,conv_4_1_a,"writeback_complete"
40510,2,IDLE,LOADING,37,conv_4_1_a,"waiting_for=[t324(DRAM,131072B),t328(DRAM,100352B)]"
40704,0,LOADING,COMPUTING,42,conv_4_2_b,"compute_cycles=0,loading_dram_cycles=432,loading_core_cycles=0"
40705,0,COMPUTING,WRITEBACK,42,conv_4_2_b,"writeback_to_dram"
40740,0,WRITEBACK,IDLE,43,conv_4_2_c,"writeback_complete"
40741,0,IDLE,LOADING,43,conv_4_2_c,"waiting_for=[t376(DRAM,131072B),t377(DRAM,25088B),t384(DRAM,50176B),t385(DRAM,50176B)]"
40923,2,LOADING,COMPUTING,37,conv_4_1_a,"compute_cycles=0,loading_dram_cycles=413,loading_core_cycles=0"
40924,2,COMPUTING,WRITEBACK,37,conv_4_1_a,"writeback_to_dram"
40942,2,WRITEBACK,IDLE,38,conv_4_1_b,"writeback_complete"
40943,2,IDLE,LOADING,38,conv_4_1_b,"waiting_for=[t332(DRAM,294912B),t338(DRAM,28672B)]"
40965,1,LOADING,COMPUTING,38,conv_4_1_b,"compute_cycles=0,loading_dram_cycles=475,loading_core_cycles=0"
40966,1,COMPUTING,WRITEBACK,38,conv_4_1_b,"writeback_to_dram"
41044,0,LOADING,COMPUTING,43,conv_4_2_c,"compute_cycles=0,loading_dram_cycles=303,loading_core_cycles=0"
41045,0,COMPUTING,WRITEBACK,43,conv_4_2_c,"writeback_to_dram"
41065,3,COMPUTING,WRITEBACK,36,conv_4_0_res,"writeback_to_dram"
41075,1,WRITEBACK,IDLE,39,conv_4_1_c,"writeback_complete"
41076,1,IDLE,LOADING,39,conv_4_1_c,"waiting_for=[t347(DRAM,131072B),t344(DRAM,25088B),t357(DRAM,50176B),t358(DRAM,50176B)]"
41196,0,WRITEBACK,IDLE,44,conv_4_2_res,"writeback_complete"
41197,0,IDLE,LOADING,44,conv_4_2_res,"waiting_for=[t384(DRAM,50176B),t385(DRAM,50176B)]"
41216,3,WRITEBACK,IDLE,37,conv_4_1_a,"writeback_complete"
41217,3,IDLE,LOADING,37,conv_4_1_a,"waiting_for=[t331(DRAM,131072B),t325(DRAM,100352B)]"
41335,0,LOADING,COMPUTING,44,conv_4_2_res,"compute_cycles=784,loading_dram_cycles=138,loading_core_cycles=0"
41375,2,LOADING,COMPUTING,38,conv_4_1_b,"compute_cycles=0,loading_dram_cycles=432,loading_core_cycles=0"
41376,2,COMPUTING,WRITEBACK,38,conv_4_1_b,"writeback_to_dram"
41379,1,LOADING,COMPUTING,39,conv_4_1_c,"compute_cycles=0,loading_dram_cycles=303,loading_core_cycles=0"
41380,1,COMPUTING,WRITEBACK,39,conv_4_1_c,"writeback_to_dram"
41394,2,WRITEBACK,IDLE,39,conv_4_1_c,"writeback_complete"
41395,2,IDLE,LOADING,39,conv_4_1_c,"waiting_for=[t340(DRAM,131072B),t344(DRAM,25088B),t351(DRAM,50176B),t352(DRAM,50176B)]"
41515,1,WRITEBACK,IDLE,40,conv_4_1_res,"writeback_complete"
41516,1,IDLE,LOADING,40,conv_4_1_res,"waiting_for=[t357(DRAM,50176B),t358(DRAM,50176B),t364(DRAM,100352B)]"
41534,3,LOADING,COMPUTING,37,conv_4_1_a,"compute_cycles=0,loading_dram_cycles=317,loading_core_cycles=0"
41535,3,COMPUTING,WRITEBACK,37,conv_4_1_a,"writeback_to_dram"
41600,3,WRITEBACK,IDLE,38,conv_4_1_b,"writeback_complete"
41601,3,IDLE,LOADING,38,conv_4_1_b,"waiting_for=[t339(DRAM,294912B),t333(DRAM,28672B),t341(DRAM,25088B)]"
41698,2,LOADING,COMPUTING,39,conv_4_1_c,"compute_cycles=0,loading_dram_cycles=303,loading_core_cycles=0"
41699,2,COMPUTING,WRITEBACK,39,conv_4_1_c,"writeback_to_dram"
41733,1,LOADING,COMPUTING,40,conv_4_1_res,"compute_cycles=784,loading_dram_cycles=217,loading_core_cycles=0"
41768,2,WRITEBACK,IDLE,40,conv_4_1_res,"writeback_complete"
41769,2,IDLE,LOADING,40,conv_4_1_res,"waiting_for=[t351(DRAM,50176B),t352(DRAM,50176B)]"
41888,2,LOADING,COMPUTING,40,conv_4_1_res,"compute_cycles=784,loading_dram_cycles=119,loading_core_cycles=0"
42058,3,LOADING,COMPUTING,38,conv_4_1_b,"compute_cycles=0,loading_dram_cycles=457,loading_core_cycles=0"
42059,3,COMPUTING,WRITEBACK,38,conv_4_1_b,"writeback_to_dram"
42077,3,WRITEBACK,IDLE,39,conv_4_1_c,"writeback_complete"
42078,3,IDLE,LOADING,39,conv_4_1_c,"waiting_for=[t347(DRAM,131072B),t341(DRAM,25088B),t354(DRAM,50176B),t355(DRAM,50176B)]"
42119,0,COMPUTING,WRITEBACK,44,conv_4_2_res,"writeback_to_dram"
42198,0,WRITEBACK,IDLE,45,conv_4_3_a,"writeback_complete"
42199,0,IDLE,LOADING,45,conv_4_3_a,"waiting_for=[t396(DRAM,131072B),t397(DRAM,100352B)]"
42381,3,LOADING,COMPUTING,39,conv_4_1_c,"compute_cycles=0,loading_dram_cycles=303,loading_core_cycles=0"
42382,3,COMPUTING,WRITEBACK,39,conv_4_1_c,"writeback_to_dram"
42451,3,WRITEBACK,IDLE,40,conv_4_1_res,"writeback_complete"
42452,3,IDLE,LOADING,40,conv_4_1_res,"waiting_for=[t354(DRAM,50176B),t355(DRAM,50176B),t361(DRAM,100352B)]"
42477,0,LOADING,COMPUTING,45,conv_4_3_a,"compute_cycles=0,loading_dram_cycles=278,loading_core_cycles=0"
42478,0,COMPUTING,WRITEBACK,45,conv_4_3_a,"writeback_to_dram"
42517,1,COMPUTING,WRITEBACK,40,conv_4_1_res,"writeback_to_dram"
42536,0,WRITEBACK,IDLE,46,conv_4_3_b,"writeback_complete"
42537,0,IDLE,LOADING,46,conv_4_3_b,"waiting_for=[t404(DRAM,294912B),t405(DRAM,28672B)]"
42669,3,LOADING,COMPUTING,40,conv_4_1_res,"compute_cycles=784,loading_dram_cycles=217,loading_core_cycles=0"
42672,2,COMPUTING,WRITEBACK,40,conv_4_1_res,"writeback_to_dram"
42684,1,WRITEBACK,IDLE,41,conv_4_2_a,"writeback_complete"
42685,1,IDLE,LOADING,41,conv_4_2_a,"waiting_for=[t367(DRAM,131072B),t364(DRAM,100352B),t374(DRAM,28672B)]"
42807,2,WRITEBACK,IDLE,41,conv_4_2_a,"writeback_complete"
42808,2,IDLE,LOADING,41,conv_4_2_a,"waiting_for=[t360(DRAM,131072B),t364(DRAM,100352B)]"
42969,0,LOADING,COMPUTING,46,conv_4_3_b,"compute_cycles=0,loading_dram_cycles=432,loading_core_cycles=0"
42970,0,COMPUTING,WRITEBACK,46,conv_4_3_b,"writeback_to_dram"
42988,0,WRITEBACK,IDLE,47,conv_4_3_c,"writeback_complete"
42989,0,IDLE,LOADING,47,conv_4_3_c,"waiting_for=[t412(DRAM,131072B),t413(DRAM,25088B),t420(DRAM,50176B),t421(DRAM,50176B)]"
42991,1,LOADING,COMPUTING,41,conv_4_2_a,"compute_cycles=0,loading_dram_cycles=306,loading_core_cycles=0"
42992,1,COMPUTING,WRITEBACK,41,conv_4_2_a,"writeback_to_dram"
43086,2,LOADING,COMPUTING,41,conv_4_2_a,"compute_cycles=0,loading_dram_cycles=278,loading_core_cycles=0"
43087,2,COMPUTING,WRITEBACK,41,conv_4_2_a,"writeback_to_dram"
43094,1,WRITEBACK,IDLE,42,conv_4_2_b,"writeback_complete"
43095,1,IDLE,LOADING,42,conv_4_2_b,"waiting_for=[t375(DRAM,294912B),t374(DRAM,28672B),t380(DRAM,25088B)]"
43237,2,WRITEBACK,IDLE,42,conv_4_2_b,"writeback_complete"
43238,2,IDLE,LOADING,42,conv_4_2_b,"waiting_for=[t368(DRAM,294912B),t374(DRAM,28672B)]"
43292,0,LOADING,COMPUTING,47,conv_4_3_c,"compute_cycles=0,loading_dram_cycles=303,loading_core_cycles=0"
43293,0,COMPUTING,WRITEBACK,47,conv_4_3_c,"writeback_to_dram"
43385,0,WRITEBACK,IDLE,48,conv_4_3_res,"writeback_complete"
43386,0,IDLE,LOADING,48,conv_4_3_res,"waiting_for=[t420(DRAM,50176B),t421(DRAM,50176B)]"
43453,3,COMPUTING,WRITEBACK,40,conv_4_1_res,"writeback_to_dram"
43505,0,LOADING,COMPUTING,48,conv_4_3_res,"compute_cycles=784,loading_dram_cycles=119,loading_core_cycles=0"
43522,3,WRITEBACK,IDLE,41,conv_4_2_a,"writeback_complete"
43523,3,IDLE,LOADING,41,conv_4_2_a,"waiting_for=[t367(DRAM,131072B),t361(DRAM,100352B)]"
43552,1,LOADING,COMPUTING,42,conv_4_2_b,"compute_cycles=0,loading_dram_cycles=457,loading_core_cycles=0"
43553,1,COMPUTING,WRITEBACK,42,conv_4_2_b,"writeback_to_dram"
43619,1,WRITEBACK,IDLE,43,conv_4_2_c,"writeback_complete"
43620,1,IDLE,LOADING,43,conv_4_2_c,"waiting_for=[t383(DRAM,131072B),t380(DRAM,25088B),t393(DRAM,50176B),t394(DRAM,50176B)]"
43670,2,LOADING,COMPUTING,42,conv_4_2_b,"compute_cycles=0,loading_dram_cycles=432,loading_core_cycles=0"
43671,2,COMPUTING,WRITEBACK,42,conv_4_2_b,"writeback_to_dram"
43725,2,WRITEBACK,IDLE,43,conv_4_2_c,"writeback_complete"
43726,2,IDLE,LOADING,43,conv_4_2_c,"waiting_for=[t376(DRAM,131072B),t380(DRAM,25088B),t387(DRAM,50176B),t388(DRAM,50176B)]"
43801,3,LOADING,COMPUTING,41,conv_4_2_a,"compute_cycles=0,loading_dram_cycles=278,loading_core_cycles=0"
43802,3,COMPUTING,WRITEBACK,41,conv_4_2_a,"writeback_to_dram"
43831,3,WRITEBACK,IDLE,42,conv_4_2_b,"writeback_complete"
43832,3,IDLE,LOADING,42,conv_4_2_b,"waiting_for=[t375(DRAM,294912B),t369(DRAM,28672B),t377(DRAM,25088B)]"
43923,1,LOADING,COMPUTING,43,conv_4_2_c,"compute_cycles=0,loading_dram_cycles=303,loading_core_cycles=0"
43924,1,COMPUTING,WRITEBACK,43,conv_4_2_c,"writeback_to_dram"
43993,1,WRITEBACK,IDLE,44,conv_4_2_res,"writeback_complete"
43994,1,IDLE,LOADING,44,conv_4_2_res,"waiting_for=[t393(DRAM,50176B),t394(DRAM,50176B),t400(DRAM,100352B)]"
44029,2,LOADING,COMPUTING,43,conv_4_2_c,"compute_cycles=0,loading_dram_cycles=303,loading_core_cycles=0"
44030,2,COMPUTING,WRITEBACK,43,conv_4_2_c,"writeback_to_dram"
44099,2,WRITEBACK,IDLE,44,conv_4_2_res,"writeback_complete"
44100,2,IDLE,LOADING,44,conv_4_2_res,"waiting_for=[t387(DRAM,50176B),t388(DRAM,50176B)]"
44211,1,LOADING,COMPUTING,44,conv_4_2_res,"compute_cycles=784,loading_dram_cycles=217,loading_core_cycles=0"
44219,2,LOADING,COMPUTING,44,conv_4_2_res,"compute_cycles=784,loading_dram_cycles=119,loading_core_cycles=0"
44289,0,COMPUTING,WRITEBACK,48,conv_4_3_res,"writeback_to_dram"
44289,3,LOADING,COMPUTING,42,conv_4_2_b,"compute_cycles=0,loading_dram_cycles=457,loading_core_cycles=0"
44290,3,COMPUTING,WRITEBACK,42,conv_4_2_b,"writeback_to_dram"
44308,3,WRITEBACK,IDLE,43,conv_4_2_c,"writeback_complete"
44309,3,IDLE,LOADING,43,conv_4_2_c,"waiting_for=[t383(DRAM,131072B),t377(DRAM,25088B),t390(DRAM,50176B),t391(DRAM,50176B)]"
44429,0,WRITEBACK,IDLE,49,conv_4_4_a,"writeback_complete"
44430,0,IDLE,LOADING,49,conv_4_4_a,"waiting_for=[t432(DRAM,131072B),t433(DRAM,100352B)]"
44612,3,LOADING,COMPUTING,43,conv_4_2_c,"compute_cycles=0,loading_dram_cycles=303,loading_core_cycles=0"
44613,3,COMPUTING,WRITEBACK,43,conv_4_2_c,"writeback_to_dram"
44682,3,WRITEBACK,IDLE,44,conv_4_2_res,"writeback_complete"
44683,3,IDLE,LOADING,44,conv_4_2_res,"waiting_for=[t390(DRAM,50176B),t391(DRAM,50176B),t397(DRAM,100352B)]"
44708,0,LOADING,COMPUTING,49,conv_4_4_a,"compute_cycles=0,loading_dram_cycles=278,loading_core_cycles=0"
44709,0,COMPUTING,WRITEBACK,49,conv_4_4_a,"writeback_to_dram"
44767,0,WRITEBACK,IDLE,50,conv_4_4_b,"writeback_complete"
44768,0,IDLE,LOADING,50,conv_4_4_b,"waiting_for=[t440(DRAM,294912B),t441(DRAM,28672B)]"
44900,3,LOADING,COMPUTING,44,conv_4_2_res,"compute_cycles=784,loading_dram_cycles=217,loading_core_cycles=0"
44995,1,COMPUTING,WRITEBACK,44,conv_4_2_res,"writeback_to_dram"
45003,2,COMPUTING,WRITEBACK,44,conv_4_2_res,"writeback_to_dram"
45064,1,WRITEBACK,IDLE,45,conv_4_3_a,"writeback_complete"
45065,1,IDLE,LOADING,45,conv_4_3_a,"waiting_for=[t403(DRAM,131072B),t400(DRAM,100352B),t410(DRAM,28672B)]"
45083,2,WRITEBACK,IDLE,45,conv_4_3_a,"writeback_complete"
45084,2,IDLE,LOADING,45,conv_4_3_a,"waiting_for=[t396(DRAM,131072B),t400(DRAM,100352B)]"
45200,0,LOADING,COMPUTING,50,conv_4_4_b,"compute_cycles=0,loading_dram_cycles=432,loading_core_cycles=0"
45201,0,COMPUTING,WRITEBACK,50,conv_4_4_b,"writeback_to_dram"
45280,0,WRITEBACK,IDLE,51,conv_4_4_c,"writeback_complete"
45281,0,IDLE,LOADING,51,conv_4_4_c,"waiting_for=[t448(DRAM,131072B),t449(DRAM,25088B),t456(DRAM,50176B),t457(DRAM,50176B)]"
45389,1,LOADING,COMPUTING,45,conv_4_3_a,"compute_cycles=0,loading_dram_cycles=324,loading_core_cycles=0"
45390,1,COMPUTING,WRITEBACK,45,conv_4_3_a,"writeback_to_dram"
45408,1,WRITEBACK,IDLE,46,conv_4_3_b,"writeback_complete"
45409,1,IDLE,LOADING,46,conv_4_3_b,"waiting_for=[t411(DRAM,294912B),t410(DRAM,28672B),t416(DRAM,25088B)]"
45462,2,LOADING,COMPUTING,45,conv_4_3_a,"compute_cycles=0,loading_dram_cycles=378,loading_core_cycles=0"
45463,2,COMPUTING,WRITEBACK,45,conv_4_3_a,"writeback_to_dram"
45551,2,WRITEBACK,IDLE,46,conv_4_3_b,"writeback_complete"
45552,2,IDLE,LOADING,46,conv_4_3_b,"waiting_for=[t404(DRAM,294912B),t410(DRAM,28672B)]"
45584,0,LOADING,COMPUTING,51,conv_4_4_c,"compute_cycles=0,loading_dram_cycles=303,loading_core_cycles=0"
45585,0,COMPUTING,WRITEBACK,51,conv_4_4_c,"writeback_to_dram"
45684,3,COMPUTING,WRITEBACK,44,conv_4_2_res,"writeback_to_dram"
45699,0,WRITEBACK,IDLE,52,conv_4_4_res,"writeback_complete"
45700,0,IDLE,LOADING,52,conv_4_4_res,"waiting_for=[t456(DRAM,50176B),t457(DRAM,50176B)]"
45759,3,WRITEBACK,IDLE,45,conv_4_3_a,"writeback_complete"
45760,3,IDLE,LOADING,45,conv_4_3_a,"waiting_for=[t403(DRAM,131072B),t397(DRAM,100352B)]"
45819,0,LOADING,COMPUTING,52,conv_4_4_res,"compute_cycles=784,loading_dram_cycles=119,loading_core_cycles=0"
45866,1,LOADING,COMPUTING,46,conv_4_3_b,"compute_cycles=0,loading_dram_cycles=457,loading_core_cycles=0"
45867,1,COMPUTING,WRITEBACK,46,conv_4_3_b,"writeback_to_dram"
45885,1,WRITEBACK,IDLE,47,conv_4_3_c,"writeback_complete"
45886,1,IDLE,LOADING,47,conv_4_3_c,"waiting_for=[t419(DRAM,131072B),t416(DRAM,25088B),t429(DRAM,50176B),t430(DRAM,50176B)]"
45984,2,LOADING,COMPUTING,46,conv_4_3_b,"compute_cycles=0,loading_dram_cycles=432,loading_core_cycles=0"
45985,2,COMPUTING,WRITEBACK,46,conv_4_3_b,"writeback_to_dram"
46003,2,WRITEBACK,IDLE,47,conv_4_3_c,"writeback_complete"
46004,2,IDLE,LOADING,47,conv_4_3_c,"waiting_for=[t412(DRAM,131072B),t416(DRAM,25088B),t423(DRAM,50176B),t424(DRAM,50176B)]"
46038,3,LOADING,COMPUTING,45,conv_4_3_a,"compute_cycles=0,loading_dram_cycles=278,loading_core_cycles=0"
46039,3,COMPUTING,WRITEBACK,45,conv_4_3_a,"writeback_to_dram"
46109,3,WRITEBACK,IDLE,46,conv_4_3_b,"writeback_complete"
46110,3,IDLE,LOADING,46,conv_4_3_b,"waiting_for=[t411(DRAM,294912B),t405(DRAM,28672B),t413(DRAM,25088B)]"
46189,1,LOADING,COMPUTING,47,conv_4_3_c,"compute_cycles=0,loading_dram_cycles=303,loading_core_cycles=0"
46190,1,COMPUTING,WRITEBACK,47,conv_4_3_c,"writeback_to_dram"
46266,1,WRITEBACK,IDLE,48,conv_4_3_res,"writeback_complete"
46267,1,IDLE,LOADING,48,conv_4_3_res,"waiting_for=[t429(DRAM,50176B),t430(DRAM,50176B),t436(DRAM,100352B)]"
46307,2,LOADING,COMPUTING,47,conv_4_3_c,"compute_cycles=0,loading_dram_cycles=303,loading_core_cycles=0"
46308,2,COMPUTING,WRITEBACK,47,conv_4_3_c,"writeback_to_dram"
46377,2,WRITEBACK,IDLE,48,conv_4_3_res,"writeback_complete"
46378,2,IDLE,LOADING,48,conv_4_3_res,"waiting_for=[t423(DRAM,50176B),t424(DRAM,50176B)]"
46484,1,LOADING,COMPUTING,48,conv_4_3_res,"compute_cycles=784,loading_dram_cycles=217,loading_core_cycles=0"
46497,2,LOADING,COMPUTING,48,conv_4_3_res,"compute_cycles=784,loading_dram_cycles=119,loading_core_cycles=0"
46567,3,LOADING,COMPUTING,46,conv_4_3_b,"compute_cycles=0,loading_dram_cycles=457,loading_core_cycles=0"
46568,3,COMPUTING,WRITEBACK,46,conv_4_3_b,"writeback_to_dram"
46586,3,WRITEBACK,IDLE,47,conv_4_3_c,"writeback_complete"
46587,3,IDLE,LOADING,47,conv_4_3_c,"waiting_for=[t419(DRAM,131072B),t413(DRAM,25088B),t426(DRAM,50176B),t427(DRAM,50176B)]"
46603,0,COMPUTING,WRITEBACK,52,conv_4_4_res,"writeback_to_dram"
46707,0,WRITEBACK,IDLE,53,conv_4_5_a,"writeback_complete"
46708,0,IDLE,LOADING,53,conv_4_5_a,"waiting_for=[t468(DRAM,131072B),t469(DRAM,100352B)]"
46890,3,LOADING,COMPUTING,47,conv_4_3_c,"compute_cycles=0,loading_dram_cycles=303,loading_core_cycles=0"
46891,3,COMPUTING,WRITEBACK,47,conv_4_3_c,"writeback_to_dram"
46960,3,WRITEBACK,IDLE,48,conv_4_3_res,"writeback_complete"
46961,3,IDLE,LOADING,48,conv_4_3_res,"waiting_for=[t426(DRAM,50176B),t427(DRAM,50176B),t433(DRAM,100352B)]"
46986,0,LOADING,COMPUTING,53,conv_4_5_a,"compute_cycles=0,loading_dram_cycles=278,loading_core_cycles=0"
46987,0,COMPUTING,WRITEBACK,53,conv_4_5_a,"writeback_to_dram"
47045,0,WRITEBACK,IDLE,54,conv_4_5_b,"writeback_complete"
47046,0,IDLE,LOADING,54,conv_4_5_b,"waiting_for=[t476(DRAM,294912B),t477(DRAM,28672B)]"
47178,3,LOADING,COMPUTING,48,conv_4_3_res,"compute_cycles=784,loading_dram_cycles=217,loading_core_cycles=0"
47268,1,COMPUTING,WRITEBACK,48,conv_4_3_res,"writeback_to_dram"
47281,2,COMPUTING,WRITEBACK,48,conv_4_3_res,"writeback_to_dram"
47337,1,WRITEBACK,IDLE,49,conv_4_4_a,"writeback_complete"
47338,1,IDLE,LOADING,49,conv_4_4_a,"waiting_for=[t439(DRAM,131072B),t436(DRAM,100352B),t446(DRAM,28672B)]"
47356,2,WRITEBACK,IDLE,49,conv_4_4_a,"writeback_complete"
47357,2,IDLE,LOADING,49,conv_4_4_a,"waiting_for=[t432(DRAM,131072B),t436(DRAM,100352B)]"
47478,0,LOADING,COMPUTING,54,conv_4_5_b,"compute_cycles=0,loading_dram_cycles=432,loading_core_cycles=0"
47479,0,COMPUTING,WRITEBACK,54,conv_4_5_b,"writeback_to_dram"
47553,0,WRITEBACK,IDLE,55,conv_4_5_c,"writeback_complete"
47554,0,IDLE,LOADING,55,conv_4_5_c,"waiting_for=[t484(DRAM,131072B),t485(DRAM,25088B),t492(DRAM,50176B),t493(DRAM,50176B)]"
47662,1,LOADING,COMPUTING,49,conv_4_4_a,"compute_cycles=0,loading_dram_cycles=324,loading_core_cycles=0"
47663,1,COMPUTING,WRITEBACK,49,conv_4_4_a,"writeback_to_dram"
47681,1,WRITEBACK,IDLE,50,conv_4_4_b,"writeback_complete"
47682,1,IDLE,LOADING,50,conv_4_4_b,"waiting_for=[t447(DRAM,294912B),t446(DRAM,28672B),t452(DRAM,25088B)]"
47735,2,LOADING,COMPUTING,49,conv_4_4_a,"compute_cycles=0,loading_dram_cycles=378,loading_core_cycles=0"
47736,2,COMPUTING,WRITEBACK,49,conv_4_4_a,"writeback_to_dram"
47824,2,WRITEBACK,IDLE,50,conv_4_4_b,"writeback_complete"
47825,2,IDLE,LOADING,50,conv_4_4_b,"waiting_for=[t440(DRAM,294912B),t446(DRAM,28672B)]"
47857,0,LOADING,COMPUTING,55,conv_4_5_c,"compute_cycles=0,loading_dram_cycles=303,loading_core_cycles=0"
47858,0,COMPUTING,WRITEBACK,55,conv_4_5_c,"writeback_to_dram"
47962,3,COMPUTING,WRITEBACK,48,conv_4_3_res,"writeback_to_dram"
47972,0,WRITEBACK,IDLE,56,conv_4_5_res,"writeback_complete"
47973,0,IDLE,LOADING,56,conv_4_5_res,"waiting_for=[t492(DRAM,50176B),t493(DRAM,50176B)]"
48032,3,WRITEBACK,IDLE,49,conv_4_4_a,"writeback_complete"
48033,3,IDLE,LOADING,49,conv_4_4_a,"waiting_for=[t439(DRAM,131072B),t433(DRAM,100352B)]"
48092,0,LOADING,COMPUTING,56,conv_4_5_res,"compute_cycles=784,loading_dram_cycles=119,loading_core_cycles=0"
48139,1,LOADING,COMPUTING,50,conv_4_4_b,"compute_cycles=0,loading_dram_cycles=457,loading_core_cycles=0"
48140,1,COMPUTING,WRITEBACK,50,conv_4_4_b,"writeback_to_dram"
48158,1,WRITEBACK,IDLE,51,conv_4_4_c,"writeback_complete"
48159,1,IDLE,LOADING,51,conv_4_4_c,"waiting_for=[t455(DRAM,131072B),t452(DRAM,25088B),t465(DRAM,50176B),t466(DRAM,50176B)]"
48257,2,LOADING,COMPUTING,50,conv_4_4_b,"compute_cycles=0,loading_dram_cycles=432,loading_core_cycles=0"
48258,2,COMPUTING,WRITEBACK,50,conv_4_4_b,"writeback_to_dram"
48276,2,WRITEBACK,IDLE,51,conv_4_4_c,"writeback_complete"
48277,2,IDLE,LOADING,51,conv_4_4_c,"waiting_for=[t448(DRAM,131072B),t452(DRAM,25088B),t459(DRAM,50176B),t460(DRAM,50176B)]"
48311,3,LOADING,COMPUTING,49,conv_4_4_a,"compute_cycles=0,loading_dram_cycles=278,loading_core_cycles=0"
48312,3,COMPUTING,WRITEBACK,49,conv_4_4_a,"writeback_to_dram"
48382,3,WRITEBACK,IDLE,50,conv_4_4_b,"writeback_complete"
48383,3,IDLE,LOADING,50,conv_4_4_b,"waiting_for=[t447(DRAM,294912B),t441(DRAM,28672B),t449(DRAM,25088B)]"
48462,1,LOADING,COMPUTING,51,conv_4_4_c,"compute_cycles=0,loading_dram_cycles=303,loading_core_cycles=0"
48463,1,COMPUTING,WRITEBACK,51,conv_4_4_c,"writeback_to_dram"
48539,1,WRITEBACK,IDLE,52,conv_4_4_res,"writeback_complete"
48540,1,IDLE,LOADING,52,conv_4_4_res,"waiting_for=[t465(DRAM,50176B),t466(DRAM,50176B),t472(DRAM,100352B)]"
48580,2,LOADING,COMPUTING,51,conv_4_4_c,"compute_cycles=0,loading_dram_cycles=303,loading_core_cycles=0"
48581,2,COMPUTING,WRITEBACK,51,conv_4_4_c,"writeback_to_dram"
48650,2,WRITEBACK,IDLE,52,conv_4_4_res,"writeback_complete"
48651,2,IDLE,LOADING,52,conv_4_4_res,"waiting_for=[t459(DRAM,50176B),t460(DRAM,50176B)]"
48757,1,LOADING,COMPUTING,52,conv_4_4_res,"compute_cycles=784,loading_dram_cycles=217,loading_core_cycles=0"
48770,2,LOADING,COMPUTING,52,conv_4_4_res,"compute_cycles=784,loading_dram_cycles=119,loading_core_cycles=0"
48840,3,LOADING,COMPUTING,50,conv_4_4_b,"compute_cycles=0,loading_dram_cycles=457,loading_core_cycles=0"
48841,3,COMPUTING,WRITEBACK,50,conv_4_4_b,"writeback_to_dram"
48859,3,WRITEBACK,IDLE,51,conv_4_4_c,"writeback_complete"
48860,3,IDLE,LOADING,51,conv_4_4_c,"waiting_for=[t455(DRAM,131072B),t449(DRAM,25088B),t462(DRAM,50176B),t463(DRAM,50176B)]"
48876,0,COMPUTING,WRITEBACK,56,conv_4_5_res,"writeback_to_dram"
48980,0,WRITEBACK,IDLE,57,conv_5_0_a,"writeback_complete"
48981,0,IDLE,LOADING,57,conv_5_0_a,"waiting_for=[t504(DRAM,131072B),t505(DRAM,173056B)]"
49163,3,LOADING,COMPUTING,51,conv_4_4_c,"compute_cycles=0,loading_dram_cycles=303,loading_core_cycles=0"
49164,3,COMPUTING,WRITEBACK,51,conv_4_4_c,"writeback_to_dram"
49233,3,WRITEBACK,IDLE,52,conv_4_4_res,"writeback_complete"
49234,3,IDLE,LOADING,52,conv_4_4_res,"waiting_for=[t462(DRAM,50176B),t463(DRAM,50176B),t469(DRAM,100352B)]"
49330,0,LOADING,COMPUTING,57,conv_5_0_a,"compute_cycles=0,loading_dram_cycles=349,loading_core_cycles=0"
49331,0,COMPUTING,WRITEBACK,57,conv_5_0_a,"writeback_to_dram"
49341,0,WRITEBACK,IDLE,58,conv_5_0_b,"writeback_complete"
49342,0,IDLE,LOADING,58,conv_5_0_b,"waiting_for=[t513(DRAM,589824B),t514(DRAM,25088B)]"
49451,3,LOADING,COMPUTING,52,conv_4_4_res,"compute_cycles=784,loading_dram_cycles=217,loading_core_cycles=0"
49541,1,COMPUTING,WRITEBACK,52,conv_4_4_res,"writeback_to_dram"
49554,2,COMPUTING,WRITEBACK,52,conv_4_4_res,"writeback_to_dram"
49610,1,WRITEBACK,IDLE,53,conv_4_5_a,"writeback_complete"
49611,1,IDLE,LOADING,53,conv_4_5_a,"waiting_for=[t475(DRAM,131072B),t472(DRAM,100352B),t482(DRAM,28672B)]"
49629,2,WRITEBACK,IDLE,53,conv_4_5_a,"writeback_complete"
49630,2,IDLE,LOADING,53,conv_4_5_a,"waiting_for=[t468(DRAM,131072B),t472(DRAM,100352B)]"
49935,1,LOADING,COMPUTING,53,conv_4_5_a,"compute_cycles=0,loading_dram_cycles=324,loading_core_cycles=0"
49936,1,COMPUTING,WRITEBACK,53,conv_4_5_a,"writeback_to_dram"
49954,1,WRITEBACK,IDLE,54,conv_4_5_b,"writeback_complete"
49955,1,IDLE,LOADING,54,conv_4_5_b,"waiting_for=[t483(DRAM,294912B),t482(DRAM,28672B),t488(DRAM,25088B)]"
50008,2,LOADING,COMPUTING,53,conv_4_5_a,"compute_cycles=0,loading_dram_cycles=378,loading_core_cycles=0"
50009,2,COMPUTING,WRITEBACK,53,conv_4_5_a,"writeback_to_dram"
50097,2,WRITEBACK,IDLE,54,conv_4_5_b,"writeback_complete"
50098,2,IDLE,LOADING,54,conv_4_5_b,"waiting_for=[t476(DRAM,294912B),t482(DRAM,28672B)]"
50174,0,LOADING,COMPUTING,58,conv_5_0_b,"compute_cycles=0,loading_dram_cycles=832,loading_core_cycles=0"
50175,0,COMPUTING,WRITEBACK,58,conv_5_0_b,"writeback_to_dram"
50228,0,WRITEBACK,IDLE,59,conv_5_0_c,"writeback_complete"
50229,0,IDLE,LOADING,59,conv_5_0_c,"waiting_for=[t522(DRAM,262144B),t523(DRAM,25088B),t532(DRAM,173056B)]"
50235,3,COMPUTING,WRITEBACK,52,conv_4_4_res,"writeback_to_dram"
50412,1,LOADING,COMPUTING,54,conv_4_5_b,"compute_cycles=0,loading_dram_cycles=457,loading_core_cycles=0"
50413,1,COMPUTING,WRITEBACK,54,conv_4_5_b,"writeback_to_dram"
50429,3,WRITEBACK,IDLE,53,conv_4_5_a,"writeback_complete"
50430,3,IDLE,LOADING,53,conv_4_5_a,"waiting_for=[t475(DRAM,131072B),t469(DRAM,100352B)]"
50434,1,WRITEBACK,IDLE,55,conv_4_5_c,"writeback_complete"
50435,1,IDLE,LOADING,55,conv_4_5_c,"waiting_for=[t491(DRAM,131072B),t488(DRAM,25088B),t501(DRAM,50176B),t502(DRAM,50176B)]"
50530,2,LOADING,COMPUTING,54,conv_4_5_b,"compute_cycles=0,loading_dram_cycles=432,loading_core_cycles=0"
50531,2,COMPUTING,WRITEBACK,54,conv_4_5_b,"writeback_to_dram"
50629,2,WRITEBACK,IDLE,55,conv_4_5_c,"writeback_complete"
50630,2,IDLE,LOADING,55,conv_4_5_c,"waiting_for=[t484(DRAM,131072B),t488(DRAM,25088B),t495(DRAM,50176B),t496(DRAM,50176B)]"
50712,3,LOADING,COMPUTING,53,conv_4_5_a,"compute_cycles=0,loading_dram_cycles=282,loading_core_cycles=0"
50713,3,COMPUTING,WRITEBACK,53,conv_4_5_a,"writeback_to_dram"
50735,3,WRITEBACK,IDLE,54,conv_4_5_b,"writeback_complete"
50736,3,IDLE,LOADING,54,conv_4_5_b,"waiting_for=[t483(DRAM,294912B),t477(DRAM,28672B),t485(DRAM,25088B)]"
50782,0,LOADING,COMPUTING,59,conv_5_0_c,"compute_cycles=0,loading_dram_cycles=553,loading_core_cycles=0"
50783,0,COMPUTING,WRITEBACK,59,conv_5_0_c,"writeback_to_dram"
50827,1,LOADING,COMPUTING,55,conv_4_5_c,"compute_cycles=0,loading_dram_cycles=392,loading_core_cycles=0"
50828,1,COMPUTING,WRITEBACK,55,conv_4_5_c,"writeback_to_dram"
50882,0,WRITEBACK,IDLE,60,conv_5_br,"writeback_complete"
50883,0,IDLE,LOADING,60,conv_5_br,"waiting_for=[t531(DRAM,524288B),t532(DRAM,173056B),t536(DRAM,25088B),t538(DRAM,25088B)]"
50902,1,WRITEBACK,IDLE,56,conv_4_5_res,"writeback_complete"
50903,1,IDLE,LOADING,56,conv_4_5_res,"waiting_for=[t501(DRAM,50176B),t502(DRAM,50176B),t505(DRAM,173056B)]"
50933,2,LOADING,COMPUTING,55,conv_4_5_c,"compute_cycles=0,loading_dram_cycles=303,loading_core_cycles=0"
50934,2,COMPUTING,WRITEBACK,55,conv_4_5_c,"writeback_to_dram"
51193,3,LOADING,COMPUTING,54,conv_4_5_b,"compute_cycles=0,loading_dram_cycles=457,loading_core_cycles=0"
51194,3,COMPUTING,WRITEBACK,54,conv_4_5_b,"writeback_to_dram"
51322,2,WRITEBACK,IDLE,56,conv_4_5_res,"writeback_complete"
51323,2,IDLE,LOADING,56,conv_4_5_res,"waiting_for=[t495(DRAM,50176B),t496(DRAM,50176B)]"
51327,3,WRITEBACK,IDLE,55,conv_4_5_c,"writeback_complete"
51328,3,IDLE,LOADING,55,conv_4_5_c,"waiting_for=[t491(DRAM,131072B),t485(DRAM,25088B),t498(DRAM,50176B),t499(DRAM,50176B)]"
51445,2,LOADING,COMPUTING,56,conv_4_5_res,"compute_cycles=784,loading_dram_cycles=122,loading_core_cycles=0"
51497,1,LOADING,COMPUTING,56,conv_4_5_res,"compute_cycles=784,loading_dram_cycles=594,loading_core_cycles=0"
51669,3,LOADING,COMPUTING,55,conv_4_5_c,"compute_cycles=0,loading_dram_cycles=341,loading_core_cycles=0"
51670,3,COMPUTING,WRITEBACK,55,conv_4_5_c,"writeback_to_dram"
51738,3,WRITEBACK,IDLE,56,conv_4_5_res,"writeback_complete"
51739,3,IDLE,LOADING,56,conv_4_5_res,"waiting_for=[t498(DRAM,50176B),t499(DRAM,50176B)]"
51838,0,LOADING,COMPUTING,60,conv_5_br,"compute_cycles=0,loading_dram_cycles=955,loading_core_cycles=0"
51839,0,COMPUTING,WRITEBACK,60,conv_5_br,"writeback_to_dram"
51858,3,LOADING,COMPUTING,56,conv_4_5_res,"compute_cycles=784,loading_dram_cycles=119,loading_core_cycles=0"
51874,0,WRITEBACK,IDLE,61,conv_5_0_res,"writeback_complete"
51875,0,IDLE,LOADING,61,conv_5_0_res,"waiting_for=[t536(DRAM,25088B),t538(DRAM,25088B)]"
51935,0,LOADING,COMPUTING,61,conv_5_0_res,"compute_cycles=392,loading_dram_cycles=60,loading_core_cycles=0"
52229,2,COMPUTING,WRITEBACK,56,conv_4_5_res,"writeback_to_dram"
52281,1,COMPUTING,WRITEBACK,56,conv_4_5_res,"writeback_to_dram"
52298,2,WRITEBACK,IDLE,57,conv_5_0_a,"writeback_complete"
52299,2,IDLE,LOADING,57,conv_5_0_a,"waiting_for=[t510(DRAM,131072B),t505(DRAM,173056B)]"
52327,0,COMPUTING,WRITEBACK,61,conv_5_0_res,"writeback_to_dram"
52438,1,WRITEBACK,IDLE,57,conv_5_0_a,"writeback_complete"
52439,1,IDLE,LOADING,57,conv_5_0_a,"waiting_for=[t512(DRAM,131072B),t505(DRAM,173056B),t514(DRAM,25088B)]"
52448,0,WRITEBACK,IDLE,62,conv_5_1_a,"writeback_complete"
52449,0,IDLE,LOADING,62,conv_5_1_a,"waiting_for=[t552(DRAM,262144B),t553(DRAM,100352B)]"
52642,3,COMPUTING,WRITEBACK,56,conv_4_5_res,"writeback_to_dram"
52648,2,LOADING,COMPUTING,57,conv_5_0_a,"compute_cycles=0,loading_dram_cycles=349,loading_core_cycles=0"
52649,2,COMPUTING,WRITEBACK,57,conv_5_0_a,"writeback_to_dram"
52721,2,WRITEBACK,IDLE,58,conv_5_0_b,"writeback_complete"
52722,2,IDLE,LOADING,58,conv_5_0_b,"waiting_for=[t519(DRAM,589824B),t514(DRAM,25088B)]"
52741,3,WRITEBACK,IDLE,57,conv_5_0_a,"writeback_complete"
52742,3,IDLE,LOADING,57,conv_5_0_a,"waiting_for=[t511(DRAM,131072B),t505(DRAM,173056B)]"
52822,1,LOADING,COMPUTING,57,conv_5_0_a,"compute_cycles=0,loading_dram_cycles=383,loading_core_cycles=0"
52823,1,COMPUTING,WRITEBACK,57,conv_5_0_a,"writeback_to_dram"
53034,0,LOADING,COMPUTING,62,conv_5_1_a,"compute_cycles=0,loading_dram_cycles=585,loading_core_cycles=0"
53035,0,COMPUTING,WRITEBACK,62,conv_5_1_a,"writeback_to_dram"
53102,1,WRITEBACK,IDLE,58,conv_5_0_b,"writeback_complete"
53103,1,IDLE,LOADING,58,conv_5_0_b,"waiting_for=[t521(DRAM,589824B),t514(DRAM,25088B),t523(DRAM,25088B)]"
53104,0,WRITEBACK,IDLE,63,conv_5_1_b,"writeback_complete"
53105,0,IDLE,LOADING,63,conv_5_1_b,"waiting_for=[t561(DRAM,589824B),t562(DRAM,25088B)]"
53330,3,LOADING,COMPUTING,57,conv_5_0_a,"compute_cycles=0,loading_dram_cycles=588,loading_core_cycles=0"
53331,3,COMPUTING,WRITEBACK,57,conv_5_0_a,"writeback_to_dram"
53573,2,LOADING,COMPUTING,58,conv_5_0_b,"compute_cycles=0,loading_dram_cycles=851,loading_core_cycles=0"
53574,2,COMPUTING,WRITEBACK,58,conv_5_0_b,"writeback_to_dram"
53598,3,WRITEBACK,IDLE,58,conv_5_0_b,"writeback_complete"
53599,3,IDLE,LOADING,58,conv_5_0_b,"waiting_for=[t520(DRAM,589824B),t514(DRAM,25088B)]"
53600,2,WRITEBACK,IDLE,59,conv_5_0_c,"writeback_complete"
53601,2,IDLE,LOADING,59,conv_5_0_c,"waiting_for=[t528(DRAM,262144B),t523(DRAM,25088B),t532(DRAM,173056B)]"
53961,1,LOADING,COMPUTING,58,conv_5_0_b,"compute_cycles=0,loading_dram_cycles=858,loading_core_cycles=0"
53962,1,COMPUTING,WRITEBACK,58,conv_5_0_b,"writeback_to_dram"
54023,1,WRITEBACK,IDLE,59,conv_5_0_c,"writeback_complete"
54024,1,IDLE,LOADING,59,conv_5_0_c,"waiting_for=[t530(DRAM,262144B),t523(DRAM,25088B),t532(DRAM,173056B)]"
54187,0,LOADING,COMPUTING,63,conv_5_1_b,"compute_cycles=0,loading_dram_cycles=1082,loading_core_cycles=0"
54188,0,COMPUTING,WRITEBACK,63,conv_5_1_b,"writeback_to_dram"
54207,0,WRITEBACK,IDLE,64,conv_5_1_c,"writeback_complete"
54208,0,IDLE,LOADING,64,conv_5_1_c,"waiting_for=[t570(DRAM,262144B),t571(DRAM,25088B),t579(DRAM,25088B),t580(DRAM,25088B)]"
54394,2,LOADING,COMPUTING,59,conv_5_0_c,"compute_cycles=0,loading_dram_cycles=793,loading_core_cycles=0"
54395,2,COMPUTING,WRITEBACK,59,conv_5_0_c,"writeback_to_dram"
54430,2,WRITEBACK,IDLE,60,conv_5_br,"writeback_complete"
54431,2,IDLE,LOADING,60,conv_5_br,"waiting_for=[t533(DRAM,524288B),t532(DRAM,173056B),t540(DRAM,25088B),t542(DRAM,25088B)]"
54433,3,LOADING,COMPUTING,58,conv_5_0_b,"compute_cycles=0,loading_dram_cycles=834,loading_core_cycles=0"
54434,3,COMPUTING,WRITEBACK,58,conv_5_0_b,"writeback_to_dram"
54577,1,LOADING,COMPUTING,59,conv_5_0_c,"compute_cycles=0,loading_dram_cycles=553,loading_core_cycles=0"
54578,1,COMPUTING,WRITEBACK,59,conv_5_0_c,"writeback_to_dram"
54641,0,LOADING,COMPUTING,64,conv_5_1_c,"compute_cycles=0,loading_dram_cycles=433,loading_core_cycles=0"
54642,0,COMPUTING,WRITEBACK,64,conv_5_1_c,"writeback_to_dram"
54726,3,WRITEBACK,IDLE,59,conv_5_0_c,"writeback_complete"
54727,3,IDLE,LOADING,59,conv_5_0_c,"waiting_for=[t529(DRAM,262144B),t523(DRAM,25088B),t532(DRAM,173056B)]"
54735,1,WRITEBACK,IDLE,60,conv_5_br,"writeback_complete"
54736,1,IDLE,LOADING,60,conv_5_br,"waiting_for=[t535(DRAM,524288B),t532(DRAM,173056B),t548(DRAM,25088B),t550(DRAM,25088B)]"
54745,0,WRITEBACK,IDLE,65,conv_5_1_res,"writeback_complete"
54746,0,IDLE,LOADING,65,conv_5_1_res,"waiting_for=[t579(DRAM,25088B),t580(DRAM,25088B)]"
55278,0,LOADING,COMPUTING,65,conv_5_1_res,"compute_cycles=392,loading_dram_cycles=532,loading_core_cycles=0"
55299,3,LOADING,COMPUTING,59,conv_5_0_c,"compute_cycles=0,loading_dram_cycles=572,loading_core_cycles=0"
55300,3,COMPUTING,WRITEBACK,59,conv_5_0_c,"writeback_to_dram"
55335,3,WRITEBACK,IDLE,60,conv_5_br,"writeback_complete"
55336,3,IDLE,LOADING,60,conv_5_br,"waiting_for=[t534(DRAM,524288B),t532(DRAM,173056B),t544(DRAM,25088B),t546(DRAM,25088B)]"
55367,2,LOADING,COMPUTING,60,conv_5_br,"compute_cycles=0,loading_dram_cycles=936,loading_core_cycles=0"
55368,2,COMPUTING,WRITEBACK,60,conv_5_br,"writeback_to_dram"
55638,2,WRITEBACK,IDLE,61,conv_5_0_res,"writeback_complete"
55639,2,IDLE,LOADING,61,conv_5_0_res,"waiting_for=[t540(DRAM,25088B),t542(DRAM,25088B)]"
55670,0,COMPUTING,WRITEBACK,65,conv_5_1_res,"writeback_to_dram"
55699,2,LOADING,COMPUTING,61,conv_5_0_res,"compute_cycles=392,loading_dram_cycles=60,loading_core_cycles=0"
55705,0,WRITEBACK,IDLE,66,conv_5_2_a,"writeback_complete"
55706,0,IDLE,LOADING,66,conv_5_2_a,"waiting_for=[t591(DRAM,262144B),t592(DRAM,100352B)]"
55862,1,LOADING,COMPUTING,60,conv_5_br,"compute_cycles=0,loading_dram_cycles=1126,loading_core_cycles=0"
55863,1,COMPUTING,WRITEBACK,60,conv_5_br,"writeback_to_dram"
55898,1,WRITEBACK,IDLE,61,conv_5_0_res,"writeback_complete"
55899,1,IDLE,LOADING,61,conv_5_0_res,"waiting_for=[t548(DRAM,25088B),t550(DRAM,25088B),t553(DRAM,100352B)]"
56057,1,LOADING,COMPUTING,61,conv_5_0_res,"compute_cycles=392,loading_dram_cycles=158,loading_core_cycles=0"
56091,2,COMPUTING,WRITEBACK,61,conv_5_0_res,"writeback_to_dram"
56126,2,WRITEBACK,IDLE,62,conv_5_1_a,"writeback_complete"
56127,2,IDLE,LOADING,62,conv_5_1_a,"waiting_for=[t558(DRAM,262144B),t553(DRAM,100352B)]"
56163,0,LOADING,COMPUTING,66,conv_5_2_a,"compute_cycles=0,loading_dram_cycles=457,loading_core_cycles=0"
56164,0,COMPUTING,WRITEBACK,66,conv_5_2_a,"writeback_to_dram"
56272,0,WRITEBACK,IDLE,67,conv_5_2_b,"writeback_complete"
56272,3,LOADING,COMPUTING,60,conv_5_br,"compute_cycles=0,loading_dram_cycles=936,loading_core_cycles=0"
56273,0,IDLE,LOADING,67,conv_5_2_b,"waiting_for=[t600(DRAM,589824B),t601(DRAM,25088B)]"
56273,3,COMPUTING,WRITEBACK,60,conv_5_br,"writeback_to_dram"
56449,1,COMPUTING,WRITEBACK,61,conv_5_0_res,"writeback_to_dram"
56523,3,WRITEBACK,IDLE,61,conv_5_0_res,"writeback_complete"
56524,3,IDLE,LOADING,61,conv_5_0_res,"waiting_for=[t544(DRAM,25088B),t546(DRAM,25088B)]"
56533,1,WRITEBACK,IDLE,62,conv_5_1_a,"writeback_complete"
56534,1,IDLE,LOADING,62,conv_5_1_a,"waiting_for=[t560(DRAM,262144B),t553(DRAM,100352B),t562(DRAM,25088B)]"
56584,2,LOADING,COMPUTING,62,conv_5_1_a,"compute_cycles=0,loading_dram_cycles=457,loading_core_cycles=0"
56585,2,COMPUTING,WRITEBACK,62,conv_5_1_a,"writeback_to_dram"
56593,3,LOADING,COMPUTING,61,conv_5_0_res,"compute_cycles=392,loading_dram_cycles=69,loading_core_cycles=0"
56708,2,WRITEBACK,IDLE,63,conv_5_1_b,"writeback_complete"
56709,2,IDLE,LOADING,63,conv_5_1_b,"waiting_for=[t567(DRAM,589824B),t562(DRAM,25088B)]"
56985,3,COMPUTING,WRITEBACK,61,conv_5_0_res,"writeback_to_dram"
57020,3,WRITEBACK,IDLE,62,conv_5_1_a,"writeback_complete"
57021,3,IDLE,LOADING,62,conv_5_1_a,"waiting_for=[t559(DRAM,262144B),t553(DRAM,100352B)]"
57036,1,LOADING,COMPUTING,62,conv_5_1_a,"compute_cycles=0,loading_dram_cycles=502,loading_core_cycles=0"
57037,1,COMPUTING,WRITEBACK,62,conv_5_1_a,"writeback_to_dram"
57105,0,LOADING,COMPUTING,67,conv_5_2_b,"compute_cycles=0,loading_dram_cycles=832,loading_core_cycles=0"
57106,0,COMPUTING,WRITEBACK,67,conv_5_2_b,"writeback_to_dram"
57166,1,WRITEBACK,IDLE,63,conv_5_1_b,"writeback_complete"
57167,1,IDLE,LOADING,63,conv_5_1_b,"waiting_for=[t569(DRAM,589824B),t562(DRAM,25088B),t571(DRAM,25088B)]"
57168,0,WRITEBACK,IDLE,68,conv_5_2_c,"writeback_complete"
57169,0,IDLE,LOADING,68,conv_5_2_c,"waiting_for=[t609(DRAM,262144B),t610(DRAM,25088B),t618(DRAM,25088B),t619(DRAM,25088B)]"
57478,3,LOADING,COMPUTING,62,conv_5_1_a,"compute_cycles=0,loading_dram_cycles=457,loading_core_cycles=0"
57479,3,COMPUTING,WRITEBACK,62,conv_5_1_a,"writeback_to_dram"
57541,2,LOADING,COMPUTING,63,conv_5_1_b,"compute_cycles=0,loading_dram_cycles=832,loading_core_cycles=0"
57542,2,COMPUTING,WRITEBACK,63,conv_5_1_b,"writeback_to_dram"
57554,3,WRITEBACK,IDLE,63,conv_5_1_b,"writeback_complete"
57555,3,IDLE,LOADING,63,conv_5_1_b,"waiting_for=[t568(DRAM,589824B),t562(DRAM,25088B)]"
57556,2,WRITEBACK,IDLE,64,conv_5_1_c,"writeback_complete"
57557,2,IDLE,LOADING,64,conv_5_1_c,"waiting_for=[t576(DRAM,262144B),t571(DRAM,25088B),t582(DRAM,25088B),t583(DRAM,25088B)]"
57851,0,LOADING,COMPUTING,68,conv_5_2_c,"compute_cycles=0,loading_dram_cycles=682,loading_core_cycles=0"
57852,0,COMPUTING,WRITEBACK,68,conv_5_2_c,"writeback_to_dram"
57938,0,WRITEBACK,IDLE,69,conv_5_2_res,"writeback_complete"
57939,0,IDLE,LOADING,69,conv_5_2_res,"waiting_for=[t618(DRAM,25088B),t619(DRAM,25088B),t630(DRAM,25088B)]"
58024,0,LOADING,COMPUTING,69,conv_5_2_res,"compute_cycles=392,loading_dram_cycles=85,loading_core_cycles=0"
58024,1,LOADING,COMPUTING,63,conv_5_1_b,"compute_cycles=0,loading_dram_cycles=857,loading_core_cycles=0"
58025,1,COMPUTING,WRITEBACK,63,conv_5_1_b,"writeback_to_dram"
58035,1,WRITEBACK,IDLE,64,conv_5_1_c,"writeback_complete"
58036,1,IDLE,LOADING,64,conv_5_1_c,"waiting_for=[t578(DRAM,262144B),t571(DRAM,25088B),t588(DRAM,25088B),t589(DRAM,25088B)]"
58229,2,LOADING,COMPUTING,64,conv_5_1_c,"compute_cycles=0,loading_dram_cycles=672,loading_core_cycles=0"
58230,2,COMPUTING,WRITEBACK,64,conv_5_1_c,"writeback_to_dram"
58265,2,WRITEBACK,IDLE,65,conv_5_1_res,"writeback_complete"
58266,2,IDLE,LOADING,65,conv_5_1_res,"waiting_for=[t582(DRAM,25088B),t583(DRAM,25088B)]"
58326,2,LOADING,COMPUTING,65,conv_5_1_res,"compute_cycles=392,loading_dram_cycles=60,loading_core_cycles=0"
58388,3,LOADING,COMPUTING,63,conv_5_1_b,"compute_cycles=0,loading_dram_cycles=833,loading_core_cycles=0"
58389,3,COMPUTING,WRITEBACK,63,conv_5_1_b,"writeback_to_dram"
58399,3,WRITEBACK,IDLE,64,conv_5_1_c,"writeback_complete"
58400,3,IDLE,LOADING,64,conv_5_1_c,"waiting_for=[t577(DRAM,262144B),t571(DRAM,25088B),t585(DRAM,25088B),t586(DRAM,25088B)]"
58416,0,COMPUTING,WRITEBACK,69,conv_5_2_res,"writeback_to_dram"
58469,1,LOADING,COMPUTING,64,conv_5_1_c,"compute_cycles=0,loading_dram_cycles=433,loading_core_cycles=0"
58470,1,COMPUTING,WRITEBACK,64,conv_5_1_c,"writeback_to_dram"
58542,0,WRITEBACK,IDLE,70,pool5,"writeback_complete"
58543,0,IDLE,LOADING,70,pool5,"waiting_for=[t630(DRAM,25088B)]"
58552,1,WRITEBACK,IDLE,65,conv_5_1_res,"writeback_complete"
58553,1,IDLE,LOADING,65,conv_5_1_res,"waiting_for=[t588(DRAM,25088B),t589(DRAM,25088B),t592(DRAM,100352B)]"
58588,0,LOADING,COMPUTING,70,pool5,"compute_cycles=8,loading_dram_cycles=45,loading_core_cycles=0"
58596,0,COMPUTING,WRITEBACK,70,pool5,"writeback_to_dram"
58622,0,WRITEBACK,IDLE,71,fc,"writeback_complete"
58623,0,IDLE,LOADING,71,fc,"waiting_for=[t638(DRAM,512000B),t639(DRAM,2048B)]"
58718,2,COMPUTING,WRITEBACK,65,conv_5_1_res,"writeback_to_dram"
58719,1,LOADING,COMPUTING,65,conv_5_1_res,"compute_cycles=392,loading_dram_cycles=166,loading_core_cycles=0"
58833,3,LOADING,COMPUTING,64,conv_5_1_c,"compute_cycles=0,loading_dram_cycles=433,loading_core_cycles=0"
58834,2,WRITEBACK,IDLE,66,conv_5_2_a,"writeback_complete"
58834,3,COMPUTING,WRITEBACK,64,conv_5_1_c,"writeback_to_dram"
58835,2,IDLE,LOADING,66,conv_5_2_a,"waiting_for=[t597(DRAM,262144B),t592(DRAM,100352B)]"
58987,3,WRITEBACK,IDLE,65,conv_5_1_res,"writeback_complete"
58988,3,IDLE,LOADING,65,conv_5_1_res,"waiting_for=[t585(DRAM,25088B),t586(DRAM,25088B)]"
59048,3,LOADING,COMPUTING,65,conv_5_1_res,"compute_cycles=392,loading_dram_cycles=60,loading_core_cycles=0"
59111,1,COMPUTING,WRITEBACK,65,conv_5_1_res,"writeback_to_dram"
59146,1,WRITEBACK,IDLE,66,conv_5_2_a,"writeback_complete"
59147,1,IDLE,LOADING,66,conv_5_2_a,"waiting_for=[t599(DRAM,262144B),t592(DRAM,100352B),t601(DRAM,25088B)]"
59292,2,LOADING,COMPUTING,66,conv_5_2_a,"compute_cycles=0,loading_dram_cycles=457,loading_core_cycles=0"
59293,2,COMPUTING,WRITEBACK,66,conv_5_2_a,"writeback_to_dram"
59303,2,WRITEBACK,IDLE,67,conv_5_2_b,"writeback_complete"
59304,2,IDLE,LOADING,67,conv_5_2_b,"waiting_for=[t606(DRAM,589824B),t601(DRAM,25088B)]"
59336,0,LOADING,COMPUTING,71,fc,"compute_cycles=0,loading_dram_cycles=713,loading_core_cycles=0"
59337,0,COMPUTING,WRITEBACK,71,fc,"writeback_to_dram"
59440,3,COMPUTING,WRITEBACK,65,conv_5_1_res,"writeback_to_dram"
59545,0,WRITEBACK,IDLE,72,,"writeback_complete"
59546,0,IDLE,DONE,72,,"all_workloads_finished"
59554,3,WRITEBACK,IDLE,66,conv_5_2_a,"writeback_complete"
59555,3,IDLE,LOADING,66,conv_5_2_a,"waiting_for=[t598(DRAM,262144B),t592(DRAM,100352B)]"
59629,1,LOADING,COMPUTING,66,conv_5_2_a,"compute_cycles=0,loading_dram_cycles=482,loading_core_cycles=0"
59630,1,COMPUTING,WRITEBACK,66,conv_5_2_a,"writeback_to_dram"
59700,1,WRITEBACK,IDLE,67,conv_5_2_b,"writeback_complete"
59701,1,IDLE,LOADING,67,conv_5_2_b,"waiting_for=[t608(DRAM,589824B),t601(DRAM,25088B),t610(DRAM,25088B)]"
60012,3,LOADING,COMPUTING,66,conv_5_2_a,"compute_cycles=0,loading_dram_cycles=457,loading_core_cycles=0"
60013,3,COMPUTING,WRITEBACK,66,conv_5_2_a,"writeback_to_dram"
60023,3,WRITEBACK,IDLE,67,conv_5_2_b,"writeback_complete"
60024,3,IDLE,LOADING,67,conv_5_2_b,"waiting_for=[t607(DRAM,589824B),t601(DRAM,25088B)]"
60136,2,LOADING,COMPUTING,67,conv_5_2_b,"compute_cycles=0,loading_dram_cycles=832,loading_core_cycles=0"
60137,2,COMPUTING,WRITEBACK,67,conv_5_2_b,"writeback_to_dram"
60267,2,WRITEBACK,IDLE,68,conv_5_2_c,"writeback_complete"
60268,2,IDLE,LOADING,68,conv_5_2_c,"waiting_for=[t615(DRAM,262144B),t610(DRAM,25088B),t621(DRAM,25088B),t622(DRAM,25088B)]"
60557,1,LOADING,COMPUTING,67,conv_5_2_b,"compute_cycles=0,loading_dram_cycles=856,loading_core_cycles=0"
60558,1,COMPUTING,WRITEBACK,67,conv_5_2_b,"writeback_to_dram"
60568,1,WRITEBACK,IDLE,68,conv_5_2_c,"writeback_complete"
60569,1,IDLE,LOADING,68,conv_5_2_c,"waiting_for=[t617(DRAM,262144B),t610(DRAM,25088B),t627(DRAM,25088B),t628(DRAM,25088B)]"
60701,2,LOADING,COMPUTING,68,conv_5_2_c,"compute_cycles=0,loading_dram_cycles=433,loading_core_cycles=0"
60702,2,COMPUTING,WRITEBACK,68,conv_5_2_c,"writeback_to_dram"
60737,2,WRITEBACK,IDLE,69,conv_5_2_res,"writeback_complete"
60738,2,IDLE,LOADING,69,conv_5_2_res,"waiting_for=[t621(DRAM,25088B),t622(DRAM,25088B),t632(DRAM,25088B)]"
60823,2,LOADING,COMPUTING,69,conv_5_2_res,"compute_cycles=392,loading_dram_cycles=85,loading_core_cycles=0"
60856,3,LOADING,COMPUTING,67,conv_5_2_b,"compute_cycles=0,loading_dram_cycles=832,loading_core_cycles=0"
60857,3,COMPUTING,WRITEBACK,67,conv_5_2_b,"writeback_to_dram"
60867,3,WRITEBACK,IDLE,68,conv_5_2_c,"writeback_complete"
60868,3,IDLE,LOADING,68,conv_5_2_c,"waiting_for=[t616(DRAM,262144B),t610(DRAM,25088B),t624(DRAM,25088B),t625(DRAM,25088B)]"
61002,1,LOADING,COMPUTING,68,conv_5_2_c,"compute_cycles=0,loading_dram_cycles=433,loading_core_cycles=0"
61003,1,COMPUTING,WRITEBACK,68,conv_5_2_c,"writeback_to_dram"
61038,1,WRITEBACK,IDLE,69,conv_5_2_res,"writeback_complete"
61039,1,IDLE,LOADING,69,conv_5_2_res,"waiting_for=[t627(DRAM,25088B),t628(DRAM,25088B),t636(DRAM,25088B)]"
61124,1,LOADING,COMPUTING,69,conv_5_2_res,"compute_cycles=392,loading_dram_cycles=85,loading_core_cycles=0"
61215,2,COMPUTING,WRITEBACK,69,conv_5_2_res,"writeback_to_dram"
61250,2,WRITEBACK,IDLE,70,pool5,"writeback_complete"
61251,2,IDLE,LOADING,70,pool5,"waiting_for=[t632(DRAM,25088B)]"
61287,2,LOADING,COMPUTING,70,pool5,"compute_cycles=8,loading_dram_cycles=36,loading_core_cycles=0"
61295,2,COMPUTING,WRITEBACK,70,pool5,"writeback_to_dram"
61297,2,WRITEBACK,IDLE,71,fc,"writeback_complete"
61298,2,IDLE,LOADING,71,fc,"waiting_for=[t645(DRAM,512000B),t639(DRAM,2048B)]"
61301,3,LOADING,COMPUTING,68,conv_5_2_c,"compute_cycles=0,loading_dram_cycles=433,loading_core_cycles=0"
61302,3,COMPUTING,WRITEBACK,68,conv_5_2_c,"writeback_to_dram"
61509,3,WRITEBACK,IDLE,69,conv_5_2_res,"writeback_complete"
61510,3,IDLE,LOADING,69,conv_5_2_res,"waiting_for=[t624(DRAM,25088B),t625(DRAM,25088B),t634(DRAM,25088B)]"
61516,1,COMPUTING,WRITEBACK,69,conv_5_2_res,"writeback_to_dram"
61551,1,WRITEBACK,IDLE,70,pool5,"writeback_complete"
61552,1,IDLE,LOADING,70,pool5,"waiting_for=[t636(DRAM,25088B),t639(DRAM,2048B)]"
61590,1,LOADING,COMPUTING,70,pool5,"compute_cycles=8,loading_dram_cycles=38,loading_core_cycles=0"
61595,3,LOADING,COMPUTING,69,conv_5_2_res,"compute_cycles=392,loading_dram_cycles=85,loading_core_cycles=0"
61598,1,COMPUTING,WRITEBACK,70,pool5,"writeback_to_dram"
61600,1,WRITEBACK,IDLE,71,fc,"writeback_complete"
61601,1,IDLE,LOADING,71,fc,"waiting_for=[t649(DRAM,512000B),t639(DRAM,2048B)]"
61987,3,COMPUTING,WRITEBACK,69,conv_5_2_res,"writeback_to_dram"
62011,2,LOADING,COMPUTING,71,fc,"compute_cycles=0,loading_dram_cycles=713,loading_core_cycles=0"
62012,2,COMPUTING,WRITEBACK,71,fc,"writeback_to_dram"
62022,2,WRITEBACK,IDLE,72,,"writeback_complete"
62022,3,WRITEBACK,IDLE,70,pool5,"writeback_complete"
62023,2,IDLE,DONE,72,,"all_workloads_finished"
62023,3,IDLE,LOADING,70,pool5,"waiting_for=[t634(DRAM,25088B)]"
62059,3,LOADING,COMPUTING,70,pool5,"compute_cycles=8,loading_dram_cycles=36,loading_core_cycles=0"
62067,3,COMPUTING,WRITEBACK,70,pool5,"writeback_to_dram"
62069,3,WRITEBACK,IDLE,71,fc,"writeback_complete"
62070,3,IDLE,LOADING,71,fc,"waiting_for=[t647(DRAM,512000B),t639(DRAM,2048B)]"
62304,1,LOADING,COMPUTING,71,fc,"compute_cycles=0,loading_dram_cycles=703,loading_core_cycles=0"
62305,1,COMPUTING,WRITEBACK,71,fc,"writeback_to_dram"
62307,1,WRITEBACK,IDLE,72,,"writeback_complete"
62308,1,IDLE,DONE,72,,"all_workloads_finished"
62773,3,LOADING,COMPUTING,71,fc,"compute_cycles=0,loading_dram_cycles=703,loading_core_cycles=0"
62774,3,COMPUTING,WRITEBACK,71,fc,"writeback_to_dram"
62776,3,WRITEBACK,IDLE,72,,"writeback_complete"
62777,3,IDLE,DONE,72,,"all_workloads_finished"
